Time,Document Name,Sentiment Value
2014-06,translated_2014-06-30 [COMPANY_1] VA.txt,-0.3078024089336395
2014-09,translated_20140930_[COMPANY_2]_10011435-001_350565_001001_page_1.txt,-0.9999828934669495
2014-09,translated_20140930_[COMPANY_2]_10011435-001_350565_001001_page_10.txt,-0.9999882578849792
2014-09,translated_20140930_[COMPANY_2]_10011435-001_350565_001001_page_11.txt,-0.9999915957450867
2014-09,translated_20140930_[COMPANY_2]_10011435-001_350565_001001_page_12.txt,-0.999998152256012
2014-09,translated_20140930_[COMPANY_2]_10011435-001_350565_001001_page_13.txt,-0.9999975562095642
2014-09,translated_20140930_[COMPANY_2]_10011435-001_350565_001001_page_14.txt,-0.9999972581863403
2014-09,translated_20140930_[COMPANY_2]_10011435-001_350565_001001_page_15.txt,-0.9999986290931702
2014-09,translated_20140930_[COMPANY_2]_10011435-001_350565_001001_page_16.txt,-0.9999983906745911
2014-09,translated_20140930_[COMPANY_2]_10011435-001_350565_001001_page_17.txt,-0.9999982118606567
2014-09,translated_20140930_[COMPANY_2]_10011435-001_350565_001001_page_18.txt,-0.999998152256012
2014-09,translated_20140930_[COMPANY_2]_10011435-001_350565_001001_page_19.txt,-0.9999985098838806
2014-09,translated_20140930_[COMPANY_2]_10011435-001_350565_001001_page_2.txt,-0.9999984502792358
2014-09,translated_20140930_[COMPANY_2]_10011435-001_350565_001001_page_20.txt,-0.999998152256012
2014-09,translated_20140930_[COMPANY_2]_10011435-001_350565_001001_page_21.txt,-0.9999985098838806
2014-09,translated_20140930_[COMPANY_2]_10011435-001_350565_001001_page_22.txt,-0.9999987483024597
2014-09,translated_20140930_[COMPANY_2]_10011435-001_350565_001001_page_23.txt,-0.9999983906745911
2014-09,translated_20140930_[COMPANY_2]_10011435-001_350565_001001_page_24.txt,-0.999998152256012
2014-09,translated_20140930_[COMPANY_2]_10011435-001_350565_001001_page_25.txt,-0.9999982714653015
2014-09,translated_20140930_[COMPANY_2]_10011435-001_350565_001001_page_26.txt,-0.9999986886978149
2014-09,translated_20140930_[COMPANY_2]_10011435-001_350565_001001_page_27.txt,-0.9999985098838806
2014-09,translated_20140930_[COMPANY_2]_10011435-001_350565_001001_page_28.txt,-0.9999991655349731
2014-09,translated_20140930_[COMPANY_2]_10011435-001_350565_001001_page_29.txt,-0.9999991655349731
2014-09,translated_20140930_[COMPANY_2]_10011435-001_350565_001001_page_3.txt,-0.9999911785125732
2014-09,translated_20140930_[COMPANY_2]_10011435-001_350565_001001_page_30.txt,-0.9999988675117493
2014-09,translated_20140930_[COMPANY_2]_10011435-001_350565_001001_page_31.txt,-0.9999989867210388
2014-09,translated_20140930_[COMPANY_2]_10011435-001_350565_001001_page_32.txt,-0.9999991059303284
2014-09,translated_20140930_[COMPANY_2]_10011435-001_350565_001001_page_33.txt,-0.9999988079071045
2014-09,translated_20140930_[COMPANY_2]_10011435-001_350565_001001_page_34.txt,-0.999997615814209
2014-09,translated_20140930_[COMPANY_2]_10011435-001_350565_001001_page_35.txt,-0.9999973773956299
2014-09,translated_20140930_[COMPANY_2]_10011435-001_350565_001001_page_36.txt,-0.9999980926513672
2014-09,translated_20140930_[COMPANY_2]_10011435-001_350565_001001_page_37.txt,-0.9999989867210388
2014-09,translated_20140930_[COMPANY_2]_10011435-001_350565_001001_page_38.txt,-0.9999803900718689
2014-09,translated_20140930_[COMPANY_2]_10011435-001_350565_001001_page_4.txt,-0.9999989867210388
2014-09,translated_20140930_[COMPANY_2]_10011435-001_350565_001001_page_5.txt,-0.9999811053276062
2014-09,translated_20140930_[COMPANY_2]_10011435-001_350565_001001_page_6.txt,-0.999987006187439
2014-09,translated_20140930_[COMPANY_2]_10011435-001_350565_001001_page_7.txt,-0.9999902248382568
2014-09,translated_20140930_[COMPANY_2]_10011435-001_350565_001001_page_8.txt,-0.9999948740005493
2014-09,translated_20140930_[COMPANY_2]_10011435-001_350565_001001_page_9.txt,-0.9999874234199524
2014-12,translated_20141231_[COMPANY_2]_10011435-001_360660_002001_page_1.txt,-0.9999804496765137
2014-12,translated_20141231_[COMPANY_2]_10011435-001_360660_002001_page_10.txt,-0.9999817609786987
2014-12,translated_20141231_[COMPANY_2]_10011435-001_360660_002001_page_11.txt,-0.9999938607215881
2014-12,translated_20141231_[COMPANY_2]_10011435-001_360660_002001_page_12.txt,-0.9999986290931702
2014-12,translated_20141231_[COMPANY_2]_10011435-001_360660_002001_page_13.txt,-0.9999973773956299
2014-12,translated_20141231_[COMPANY_2]_10011435-001_360660_002001_page_14.txt,-0.9999972581863403
2014-12,translated_20141231_[COMPANY_2]_10011435-001_360660_002001_page_15.txt,-0.999998927116394
2014-12,translated_20141231_[COMPANY_2]_10011435-001_360660_002001_page_16.txt,-0.9999977350234985
2014-12,translated_20141231_[COMPANY_2]_10011435-001_360660_002001_page_17.txt,-0.9999985098838806
2014-12,translated_20141231_[COMPANY_2]_10011435-001_360660_002001_page_18.txt,-0.9999984502792358
2014-12,translated_20141231_[COMPANY_2]_10011435-001_360660_002001_page_19.txt,-0.9999987483024597
2014-12,translated_20141231_[COMPANY_2]_10011435-001_360660_002001_page_2.txt,-0.9999983906745911
2014-12,translated_20141231_[COMPANY_2]_10011435-001_360660_002001_page_20.txt,-0.9999982714653015
2014-12,translated_20141231_[COMPANY_2]_10011435-001_360660_002001_page_21.txt,-0.9999984502792358
2014-12,translated_20141231_[COMPANY_2]_10011435-001_360660_002001_page_22.txt,-0.999998927116394
2014-12,translated_20141231_[COMPANY_2]_10011435-001_360660_002001_page_23.txt,-0.9999988079071045
2014-12,translated_20141231_[COMPANY_2]_10011435-001_360660_002001_page_24.txt,-0.9999980926513672
2014-12,translated_20141231_[COMPANY_2]_10011435-001_360660_002001_page_25.txt,-0.9999983310699463
2014-12,translated_20141231_[COMPANY_2]_10011435-001_360660_002001_page_26.txt,-0.9999983310699463
2014-12,translated_20141231_[COMPANY_2]_10011435-001_360660_002001_page_27.txt,-0.9999991655349731
2014-12,translated_20141231_[COMPANY_2]_10011435-001_360660_002001_page_28.txt,-0.9999993443489075
2014-12,translated_20141231_[COMPANY_2]_10011435-001_360660_002001_page_29.txt,-0.9999991059303284
2014-12,translated_20141231_[COMPANY_2]_10011435-001_360660_002001_page_3.txt,-0.9999933838844299
2014-12,translated_20141231_[COMPANY_2]_10011435-001_360660_002001_page_30.txt,-0.9999992251396179
2014-12,translated_20141231_[COMPANY_2]_10011435-001_360660_002001_page_31.txt,-0.9999993443489075
2014-12,translated_20141231_[COMPANY_2]_10011435-001_360660_002001_page_32.txt,-0.9999992847442627
2014-12,translated_20141231_[COMPANY_2]_10011435-001_360660_002001_page_33.txt,-0.9999992847442627
2014-12,translated_20141231_[COMPANY_2]_10011435-001_360660_002001_page_34.txt,-0.9999979734420776
2014-12,translated_20141231_[COMPANY_2]_10011435-001_360660_002001_page_35.txt,-0.9999976754188538
2014-12,translated_20141231_[COMPANY_2]_10011435-001_360660_002001_page_36.txt,-0.9999983906745911
2014-12,translated_20141231_[COMPANY_2]_10011435-001_360660_002001_page_37.txt,-0.9999974966049194
2014-12,translated_20141231_[COMPANY_2]_10011435-001_360660_002001_page_38.txt,-0.9999989867210388
2014-12,translated_20141231_[COMPANY_2]_10011435-001_360660_002001_page_39.txt,-0.9999910593032837
2014-12,translated_20141231_[COMPANY_2]_10011435-001_360660_002001_page_4.txt,-0.9999989867210388
2014-12,translated_20141231_[COMPANY_2]_10011435-001_360660_002001_page_5.txt,-0.9999822974205017
2014-12,translated_20141231_[COMPANY_2]_10011435-001_360660_002001_page_6.txt,-0.9999753832817078
2014-12,translated_20141231_[COMPANY_2]_10011435-001_360660_002001_page_7.txt,-0.9999882578849792
2014-12,translated_20141231_[COMPANY_2]_10011435-001_360660_002001_page_8.txt,-0.9999902844429016
2014-12,translated_20141231_[COMPANY_2]_10011435-001_360660_002001_page_9.txt,-0.9999791383743286
Unknown,translated_2015-09 Kommentar [COMPANY_3]_page_1.txt,-0.43465232849121094
Unknown,translated_2015-09 Kommentar [COMPANY_3]_page_2.txt,0.8986379504203796
Unknown,translated_2015-09 Kommentar [COMPANY_3]_page_3.txt,0.9912594556808472
Unknown,translated_2015-09 Kommentar [COMPANY_3]_page_4.txt,0.9240953326225281
Unknown,translated_2015-09 Kommentar [COMPANY_3]_page_5.txt,-0.6828655004501343
2015-09,translated_2015-09 [COMPANY_3] Vermögensausweis_page_1.txt,-0.9999884366989136
2015-08,translated_2015-09 [COMPANY_3] Vermögensausweis_page_10.txt,-0.9999809265136719
2015-09,translated_2015-09 [COMPANY_3] Vermögensausweis_page_11.txt,-0.999992311000824
2015-09,translated_2015-09 [COMPANY_3] Vermögensausweis_page_12.txt,-0.999997615814209
2015-09,translated_2015-09 [COMPANY_3] Vermögensausweis_page_13.txt,-0.9999977350234985
2015-09,translated_2015-09 [COMPANY_3] Vermögensausweis_page_14.txt,-0.9999960064888
2015-12,translated_2015-09 [COMPANY_3] Vermögensausweis_page_15.txt,-0.9999990463256836
2015-09,translated_2015-09 [COMPANY_3] Vermögensausweis_page_16.txt,-0.999998927116394
2024-04,translated_2015-09 [COMPANY_3] Vermögensausweis_page_17.txt,-0.9999988079071045
2015-09,translated_2015-09 [COMPANY_3] Vermögensausweis_page_18.txt,-0.9999985694885254
2015-09,translated_2015-09 [COMPANY_3] Vermögensausweis_page_19.txt,-0.9999982118606567
Unknown,translated_2015-09 [COMPANY_3] Vermögensausweis_page_2.txt,-0.9999985098838806
2015-09,translated_2015-09 [COMPANY_3] Vermögensausweis_page_20.txt,-0.9999986886978149
2024-10,translated_2015-09 [COMPANY_3] Vermögensausweis_page_21.txt,-0.9999986290931702
2015-09,translated_2015-09 [COMPANY_3] Vermögensausweis_page_22.txt,-0.9999988079071045
2016-12,translated_2015-09 [COMPANY_3] Vermögensausweis_page_23.txt,-0.9999980926513672
2015-09,translated_2015-09 [COMPANY_3] Vermögensausweis_page_24.txt,-0.999998927116394
2015-09,translated_2015-09 [COMPANY_3] Vermögensausweis_page_25.txt,-0.9999986886978149
2015-09,translated_2015-09 [COMPANY_3] Vermögensausweis_page_26.txt,-0.9999991655349731
2015-09,translated_2015-09 [COMPANY_3] Vermögensausweis_page_27.txt,-0.9999992847442627
2015-09,translated_2015-09 [COMPANY_3] Vermögensausweis_page_28.txt,-0.9999989867210388
2015-10,translated_2015-09 [COMPANY_3] Vermögensausweis_page_29.txt,-0.9999986290931702
Unknown,translated_2015-09 [COMPANY_3] Vermögensausweis_page_3.txt,-0.9999889135360718
2015-09,translated_2015-09 [COMPANY_3] Vermögensausweis_page_30.txt,-0.9999990463256836
2015-09,translated_2015-09 [COMPANY_3] Vermögensausweis_page_31.txt,-0.9999991059303284
2015-09,translated_2015-09 [COMPANY_3] Vermögensausweis_page_32.txt,-0.9999975562095642
2015-09,translated_2015-09 [COMPANY_3] Vermögensausweis_page_33.txt,-0.9999973177909851
2015-09,translated_2015-09 [COMPANY_3] Vermögensausweis_page_34.txt,-0.999997615814209
2015-09,translated_2015-09 [COMPANY_3] Vermögensausweis_page_35.txt,-0.9999983310699463
2015-09,translated_2015-09 [COMPANY_3] Vermögensausweis_page_36.txt,-0.9999983906745911
2015-09,translated_2015-09 [COMPANY_3] Vermögensausweis_page_37.txt,-0.9999875426292419
2015-09,translated_2015-09 [COMPANY_3] Vermögensausweis_page_4.txt,-0.9999986886978149
2015-08,translated_2015-09 [COMPANY_3] Vermögensausweis_page_5.txt,-0.999973475933075
2015-06,translated_2015-09 [COMPANY_3] Vermögensausweis_page_6.txt,-0.9999756813049316
2015-08,translated_2015-09 [COMPANY_3] Vermögensausweis_page_7.txt,-0.9999865293502808
2015-04,translated_2015-09 [COMPANY_3] Vermögensausweis_page_8.txt,-0.9999845027923584
2015-05,translated_2015-09 [COMPANY_3] Vermögensausweis_page_9.txt,-0.9999840259552002
2015-12,translated_20151231_[COMPANY_2]_10011435-001_2219269_001001_page_1.txt,-0.019262630492448807
2015-12,translated_20151231_[COMPANY_2]_10011435-001_2219269_001001_page_2.txt,0.8854935765266418
2015-12,translated_20151231_[COMPANY_2]_10011435-001_2219269_001001_page_3.txt,0.4278070628643036
2015-12,translated_20151231_[COMPANY_2]_10011435-001_2219269_001001_page_4.txt,0.3486386239528656
2015-12,translated_20151231_[COMPANY_2]_10011435-001_2219269_001001_page_5.txt,0.011182784102857113
2015-12,translated_20151231_[COMPANY_2]_10011435-001_3110005_000001_page_1.txt,-0.9999876618385315
2015-12,translated_20151231_[COMPANY_2]_10011435-001_3110005_000001_page_10.txt,-0.9999825358390808
2015-12,translated_20151231_[COMPANY_2]_10011435-001_3110005_000001_page_11.txt,-0.9999947547912598
2015-12,translated_20151231_[COMPANY_2]_10011435-001_3110005_000001_page_12.txt,-0.9999983906745911
2015-12,translated_20151231_[COMPANY_2]_10011435-001_3110005_000001_page_13.txt,-0.9999971389770508
2015-12,translated_20151231_[COMPANY_2]_10011435-001_3110005_000001_page_14.txt,-0.9999961256980896
2015-12,translated_20151231_[COMPANY_2]_10011435-001_3110005_000001_page_15.txt,-0.9999990463256836
2015-12,translated_20151231_[COMPANY_2]_10011435-001_3110005_000001_page_16.txt,-0.9999982118606567
2015-12,translated_20151231_[COMPANY_2]_10011435-001_3110005_000001_page_17.txt,-0.9999986886978149
2015-12,translated_20151231_[COMPANY_2]_10011435-001_3110005_000001_page_18.txt,-0.9999987483024597
2015-12,translated_20151231_[COMPANY_2]_10011435-001_3110005_000001_page_19.txt,-0.9999986290931702
2015-12,translated_20151231_[COMPANY_2]_10011435-001_3110005_000001_page_2.txt,-0.9999984502792358
2015-12,translated_20151231_[COMPANY_2]_10011435-001_3110005_000001_page_20.txt,-0.9999985694885254
2015-12,translated_20151231_[COMPANY_2]_10011435-001_3110005_000001_page_21.txt,-0.9999982118606567
2015-12,translated_20151231_[COMPANY_2]_10011435-001_3110005_000001_page_22.txt,-0.9999986886978149
2015-12,translated_20151231_[COMPANY_2]_10011435-001_3110005_000001_page_23.txt,-0.9999988079071045
2015-12,translated_20151231_[COMPANY_2]_10011435-001_3110005_000001_page_24.txt,-0.9999983310699463
2015-12,translated_20151231_[COMPANY_2]_10011435-001_3110005_000001_page_25.txt,-0.9999988675117493
2015-12,translated_20151231_[COMPANY_2]_10011435-001_3110005_000001_page_26.txt,-0.9999991059303284
2015-12,translated_20151231_[COMPANY_2]_10011435-001_3110005_000001_page_27.txt,-0.9999987483024597
2015-12,translated_20151231_[COMPANY_2]_10011435-001_3110005_000001_page_28.txt,-0.9999990463256836
2015-12,translated_20151231_[COMPANY_2]_10011435-001_3110005_000001_page_29.txt,-0.9999990463256836
2015-12,translated_20151231_[COMPANY_2]_10011435-001_3110005_000001_page_3.txt,-0.9999881982803345
2015-12,translated_20151231_[COMPANY_2]_10011435-001_3110005_000001_page_30.txt,-0.9999992251396179
2015-12,translated_20151231_[COMPANY_2]_10011435-001_3110005_000001_page_31.txt,-0.9999991059303284
2015-12,translated_20151231_[COMPANY_2]_10011435-001_3110005_000001_page_32.txt,-0.9999975562095642
2015-12,translated_20151231_[COMPANY_2]_10011435-001_3110005_000001_page_33.txt,-0.9999978542327881
2015-12,translated_20151231_[COMPANY_2]_10011435-001_3110005_000001_page_34.txt,-0.9999980330467224
2015-12,translated_20151231_[COMPANY_2]_10011435-001_3110005_000001_page_35.txt,-0.9999988675117493
2015-12,translated_20151231_[COMPANY_2]_10011435-001_3110005_000001_page_36.txt,-0.9999871850013733
2015-12,translated_20151231_[COMPANY_2]_10011435-001_3110005_000001_page_4.txt,-0.9999986290931702
2015-12,translated_20151231_[COMPANY_2]_10011435-001_3110005_000001_page_5.txt,-0.9999715685844421
2015-12,translated_20151231_[COMPANY_2]_10011435-001_3110005_000001_page_6.txt,-0.9999752044677734
2015-12,translated_20151231_[COMPANY_2]_10011435-001_3110005_000001_page_7.txt,-0.9999815821647644
2015-12,translated_20151231_[COMPANY_2]_10011435-001_3110005_000001_page_8.txt,-0.9999824166297913
2015-12,translated_20151231_[COMPANY_2]_10011435-001_3110005_000001_page_9.txt,-0.99998539686203
2016-12,translated_2016-12-31 [COMPANY_1]_Performancebegründung_page_1.txt,-0.09786515682935715
2016-12,translated_2016-12-31 [COMPANY_1]_Performancebegründung_page_2.txt,-1.2131054972996935e-05
2016-12,translated_2016-12-31 [COMPANY_1]_Performancebegründung_page_3.txt,-0.0006244946853257716
2016-12,translated_2016-12-31 [COMPANY_1]_Performancebegründung_page_4.txt,-0.03133077919483185
2016-12,translated_2016-12-31 [COMPANY_1]_Performancebegründung_page_5.txt,-0.24196840822696686
2016-03,translated_20160331_[COMPANY_2]_Performancebegründung_page_1.txt,0.5637220740318298
2016-03,translated_20160331_[COMPANY_2]_Performancebegründung_page_2.txt,0.002375738462433219
2016-03,translated_20160331_[COMPANY_2]_Performancebegründung_page_3.txt,0.0007045753300189972
2016-03,translated_20160331_[COMPANY_2]_Performancebegründung_page_4.txt,0.690842866897583
2016-03,translated_20160331_[COMPANY_2]_Performancebegründung_page_5.txt,0.005486556328833103
2016-03,translated_20160331_[COMPANY_2]_Vermögensausweis_page_1.txt,-0.999988853931427
2016-03,translated_20160331_[COMPANY_2]_Vermögensausweis_page_10.txt,-0.9999883770942688
2016-03,translated_20160331_[COMPANY_2]_Vermögensausweis_page_11.txt,-0.9999924898147583
2016-03,translated_20160331_[COMPANY_2]_Vermögensausweis_page_12.txt,-0.9999982118606567
2016-03,translated_20160331_[COMPANY_2]_Vermögensausweis_page_13.txt,-0.9999969601631165
2016-03,translated_20160331_[COMPANY_2]_Vermögensausweis_page_14.txt,-0.9999957084655762
2016-03,translated_20160331_[COMPANY_2]_Vermögensausweis_page_15.txt,-0.9999990463256836
2016-03,translated_20160331_[COMPANY_2]_Vermögensausweis_page_16.txt,-0.9999983310699463
2016-03,translated_20160331_[COMPANY_2]_Vermögensausweis_page_17.txt,-0.9999988675117493
2016-03,translated_20160331_[COMPANY_2]_Vermögensausweis_page_18.txt,-0.9999988079071045
2016-03,translated_20160331_[COMPANY_2]_Vermögensausweis_page_19.txt,-0.9999986886978149
2016-03,translated_20160331_[COMPANY_2]_Vermögensausweis_page_2.txt,-0.9999987483024597
2016-03,translated_20160331_[COMPANY_2]_Vermögensausweis_page_20.txt,-0.9999988675117493
2016-03,translated_20160331_[COMPANY_2]_Vermögensausweis_page_21.txt,-0.9999978542327881
2016-03,translated_20160331_[COMPANY_2]_Vermögensausweis_page_22.txt,-0.9999985098838806
2016-03,translated_20160331_[COMPANY_2]_Vermögensausweis_page_23.txt,-0.9999986290931702
2016-03,translated_20160331_[COMPANY_2]_Vermögensausweis_page_24.txt,-0.9999986290931702
2016-03,translated_20160331_[COMPANY_2]_Vermögensausweis_page_25.txt,-0.9999989867210388
2016-03,translated_20160331_[COMPANY_2]_Vermögensausweis_page_26.txt,-0.9999989867210388
2016-03,translated_20160331_[COMPANY_2]_Vermögensausweis_page_27.txt,-0.9999984502792358
2016-03,translated_20160331_[COMPANY_2]_Vermögensausweis_page_28.txt,-0.9999992251396179
2016-03,translated_20160331_[COMPANY_2]_Vermögensausweis_page_29.txt,-0.9999987483024597
2016-03,translated_20160331_[COMPANY_2]_Vermögensausweis_page_3.txt,-0.9999884963035583
2016-03,translated_20160331_[COMPANY_2]_Vermögensausweis_page_30.txt,-0.9999990463256836
2016-03,translated_20160331_[COMPANY_2]_Vermögensausweis_page_31.txt,-0.9999988675117493
2016-03,translated_20160331_[COMPANY_2]_Vermögensausweis_page_32.txt,-0.9999976754188538
2016-03,translated_20160331_[COMPANY_2]_Vermögensausweis_page_33.txt,-0.9999967217445374
2016-03,translated_20160331_[COMPANY_2]_Vermögensausweis_page_34.txt,-0.9999984502792358
2016-03,translated_20160331_[COMPANY_2]_Vermögensausweis_page_35.txt,-0.9999987483024597
2016-03,translated_20160331_[COMPANY_2]_Vermögensausweis_page_36.txt,-0.9999876618385315
2016-03,translated_20160331_[COMPANY_2]_Vermögensausweis_page_4.txt,-0.9999991059303284
2016-03,translated_20160331_[COMPANY_2]_Vermögensausweis_page_5.txt,-0.9999842047691345
2016-03,translated_20160331_[COMPANY_2]_Vermögensausweis_page_6.txt,-0.9999859929084778
2016-03,translated_20160331_[COMPANY_2]_Vermögensausweis_page_7.txt,-0.9999851584434509
2016-03,translated_20160331_[COMPANY_2]_Vermögensausweis_page_8.txt,-0.9999875426292419
2016-03,translated_20160331_[COMPANY_2]_Vermögensausweis_page_9.txt,-0.99998539686203
2016-06,translated_20160630_[COMPANY_2]_Performancebegründung_page_1.txt,-0.17688754200935364
2016-06,translated_20160630_[COMPANY_2]_Performancebegründung_page_2.txt,-0.5584815740585327
2016-06,translated_20160630_[COMPANY_2]_Performancebegründung_page_3.txt,-0.00012494261318352073
2016-06,translated_20160630_[COMPANY_2]_Performancebegründung_page_4.txt,1.1438318324508145e-05
2016-06,translated_20160630_[COMPANY_2]_Performancebegründung_page_5.txt,0.8670679330825806
2016-06,translated_20160630_[COMPANY_2]_Performancebegründung_page_6.txt,-0.008026906289160252
2016-09,translated_20160930_[COMPANY_1] Performancebegründung_page_1.txt,-0.9700154662132263
2016-09,translated_20160930_[COMPANY_1] Performancebegründung_page_2.txt,-0.02018016017973423
2016-09,translated_20160930_[COMPANY_1] Performancebegründung_page_3.txt,-0.00032568263122811913
2016-09,translated_20160930_[COMPANY_1] Performancebegründung_page_4.txt,-0.0174226313829422
2016-09,translated_20160930_[COMPANY_1] Performancebegründung_page_5.txt,-0.003939962480217218
2016-09,translated_20160930_[COMPANY_1] Vermögensausweis (monatlich)_page_1.txt,-0.9999621510505676
2016-09,translated_20160930_[COMPANY_1] Vermögensausweis (monatlich)_page_10.txt,-0.9999995231628418
2016-09,translated_20160930_[COMPANY_1] Vermögensausweis (monatlich)_page_11.txt,-0.9999973177909851
2016-09,translated_20160930_[COMPANY_1] Vermögensausweis (monatlich)_page_12.txt,-0.999998152256012
2016-09,translated_20160930_[COMPANY_1] Vermögensausweis (monatlich)_page_13.txt,-0.9999986886978149
2016-09,translated_20160930_[COMPANY_1] Vermögensausweis (monatlich)_page_14.txt,-0.9999984502792358
2016-09,translated_20160930_[COMPANY_1] Vermögensausweis (monatlich)_page_15.txt,-0.9999977946281433
2016-09,translated_20160930_[COMPANY_1] Vermögensausweis (monatlich)_page_16.txt,-0.9999988079071045
2016-09,translated_20160930_[COMPANY_1] Vermögensausweis (monatlich)_page_17.txt,-0.9999988675117493
2016-09,translated_20160930_[COMPANY_1] Vermögensausweis (monatlich)_page_18.txt,-0.9999986886978149
2016-09,translated_20160930_[COMPANY_1] Vermögensausweis (monatlich)_page_19.txt,-0.9999985098838806
2016-09,translated_20160930_[COMPANY_1] Vermögensausweis (monatlich)_page_2.txt,-0.9999969601631165
2016-09,translated_20160930_[COMPANY_1] Vermögensausweis (monatlich)_page_20.txt,-0.9999985694885254
2016-09,translated_20160930_[COMPANY_1] Vermögensausweis (monatlich)_page_21.txt,-0.9999987483024597
2016-09,translated_20160930_[COMPANY_1] Vermögensausweis (monatlich)_page_22.txt,-0.9999985694885254
2016-09,translated_20160930_[COMPANY_1] Vermögensausweis (monatlich)_page_23.txt,-0.9999986886978149
2016-09,translated_20160930_[COMPANY_1] Vermögensausweis (monatlich)_page_24.txt,-0.9999986290931702
2016-09,translated_20160930_[COMPANY_1] Vermögensausweis (monatlich)_page_25.txt,-0.999998152256012
2016-09,translated_20160930_[COMPANY_1] Vermögensausweis (monatlich)_page_26.txt,-0.9999984502792358
2016-09,translated_20160930_[COMPANY_1] Vermögensausweis (monatlich)_page_27.txt,-0.9999985098838806
2016-09,translated_20160930_[COMPANY_1] Vermögensausweis (monatlich)_page_28.txt,-0.9999982714653015
2016-09,translated_20160930_[COMPANY_1] Vermögensausweis (monatlich)_page_29.txt,-0.9999988675117493
2016-09,translated_20160930_[COMPANY_1] Vermögensausweis (monatlich)_page_3.txt,-0.999997079372406
2016-09,translated_20160930_[COMPANY_1] Vermögensausweis (monatlich)_page_30.txt,-0.9999986290931702
2016-09,translated_20160930_[COMPANY_1] Vermögensausweis (monatlich)_page_31.txt,-0.9999989867210388
2016-09,translated_20160930_[COMPANY_1] Vermögensausweis (monatlich)_page_32.txt,-0.9999932646751404
2016-09,translated_20160930_[COMPANY_1] Vermögensausweis (monatlich)_page_33.txt,-0.9999986886978149
2016-09,translated_20160930_[COMPANY_1] Vermögensausweis (monatlich)_page_4.txt,-0.999998927116394
2016-09,translated_20160930_[COMPANY_1] Vermögensausweis (monatlich)_page_5.txt,-0.9999988079071045
2016-09,translated_20160930_[COMPANY_1] Vermögensausweis (monatlich)_page_6.txt,-0.9999992251396179
2016-09,translated_20160930_[COMPANY_1] Vermögensausweis (monatlich)_page_7.txt,-0.9999992847442627
2016-09,translated_20160930_[COMPANY_1] Vermögensausweis (monatlich)_page_8.txt,-0.9999990463256836
2016-09,translated_20160930_[COMPANY_1] Vermögensausweis (monatlich)_page_9.txt,-0.9999995827674866
2017-06,translated_2017-06-30 [COMPANY_1] Performancebegründung_page_1.txt,0.2790607810020447
2017-06,translated_2017-06-30 [COMPANY_1] Performancebegründung_page_2.txt,9.719233639771119e-05
2017-06,translated_2017-06-30 [COMPANY_1] Performancebegründung_page_3.txt,-0.002434263238683343
2017-06,translated_2017-06-30 [COMPANY_1] Performancebegründung_page_4.txt,0.725810170173645
2017-06,translated_2017-06-30 [COMPANY_1] Performancebegründung_page_5.txt,-0.9991526007652283
2017-06,translated_2017-06-30 [COMPANY_1] Vermögensausweis_page_1.txt,-0.9999619722366333
2017-06,translated_2017-06-30 [COMPANY_1] Vermögensausweis_page_10.txt,-0.9999969601631165
2017-06,translated_2017-06-30 [COMPANY_1] Vermögensausweis_page_11.txt,-0.9999980926513672
2017-06,translated_2017-06-30 [COMPANY_1] Vermögensausweis_page_12.txt,-0.9999975562095642
2017-06,translated_2017-06-30 [COMPANY_1] Vermögensausweis_page_13.txt,-0.9999982714653015
2017-06,translated_2017-06-30 [COMPANY_1] Vermögensausweis_page_14.txt,-0.9999979734420776
2017-06,translated_2017-06-30 [COMPANY_1] Vermögensausweis_page_15.txt,-0.9999979734420776
2017-06,translated_2017-06-30 [COMPANY_1] Vermögensausweis_page_16.txt,-0.999998927116394
2017-06,translated_2017-06-30 [COMPANY_1] Vermögensausweis_page_17.txt,-0.9999987483024597
2017-06,translated_2017-06-30 [COMPANY_1] Vermögensausweis_page_18.txt,-0.9999983310699463
2017-06,translated_2017-06-30 [COMPANY_1] Vermögensausweis_page_19.txt,-0.9999980926513672
2017-06,translated_2017-06-30 [COMPANY_1] Vermögensausweis_page_2.txt,-0.9999926686286926
2017-06,translated_2017-06-30 [COMPANY_1] Vermögensausweis_page_20.txt,-0.9999988079071045
2017-06,translated_2017-06-30 [COMPANY_1] Vermögensausweis_page_21.txt,-0.9999983906745911
2017-06,translated_2017-06-30 [COMPANY_1] Vermögensausweis_page_22.txt,-0.9999979734420776
2017-06,translated_2017-06-30 [COMPANY_1] Vermögensausweis_page_23.txt,-0.9999986290931702
2017-06,translated_2017-06-30 [COMPANY_1] Vermögensausweis_page_24.txt,-0.9999977350234985
2017-06,translated_2017-06-30 [COMPANY_1] Vermögensausweis_page_25.txt,-0.9999979734420776
2017-06,translated_2017-06-30 [COMPANY_1] Vermögensausweis_page_26.txt,-0.9999982714653015
2017-06,translated_2017-06-30 [COMPANY_1] Vermögensausweis_page_27.txt,-0.9999988079071045
2017-06,translated_2017-06-30 [COMPANY_1] Vermögensausweis_page_28.txt,-0.9999985694885254
2017-06,translated_2017-06-30 [COMPANY_1] Vermögensausweis_page_29.txt,-0.9999986886978149
2017-06,translated_2017-06-30 [COMPANY_1] Vermögensausweis_page_3.txt,-0.9999953508377075
2017-06,translated_2017-06-30 [COMPANY_1] Vermögensausweis_page_30.txt,-0.9999977350234985
2017-06,translated_2017-06-30 [COMPANY_1] Vermögensausweis_page_31.txt,-0.9999986886978149
2017-06,translated_2017-06-30 [COMPANY_1] Vermögensausweis_page_32.txt,-0.9999933838844299
2017-06,translated_2017-06-30 [COMPANY_1] Vermögensausweis_page_33.txt,-0.9999986886978149
2017-06,translated_2017-06-30 [COMPANY_1] Vermögensausweis_page_4.txt,-0.9999987483024597
2017-06,translated_2017-06-30 [COMPANY_1] Vermögensausweis_page_5.txt,-0.9999983906745911
2017-06,translated_2017-06-30 [COMPANY_1] Vermögensausweis_page_6.txt,-0.999998927116394
2017-06,translated_2017-06-30 [COMPANY_1] Vermögensausweis_page_7.txt,-0.9999991059303284
2017-06,translated_2017-06-30 [COMPANY_1] Vermögensausweis_page_8.txt,-0.9999992251396179
2017-06,translated_2017-06-30 [COMPANY_1] Vermögensausweis_page_9.txt,-0.9999993443489075
2017-09,translated_2017-09-30_[COMPANY_1] Performancebegründung_page_1.txt,-0.003078107489272952
2017-09,translated_2017-09-30_[COMPANY_1] Performancebegründung_page_2.txt,7.200479217317479e-07
2017-09,translated_2017-09-30_[COMPANY_1] Performancebegründung_page_3.txt,4.300281943869777e-07
2017-09,translated_2017-09-30_[COMPANY_1] Performancebegründung_page_4.txt,-0.9981776475906372
2017-09,translated_2017-09-30_[COMPANY_1] Vermögensausweis_page_1.txt,-0.9999943971633911
2017-09,translated_2017-09-30_[COMPANY_1] Vermögensausweis_page_10.txt,-0.9999964237213135
2017-09,translated_2017-09-30_[COMPANY_1] Vermögensausweis_page_11.txt,-0.999998152256012
2017-09,translated_2017-09-30_[COMPANY_1] Vermögensausweis_page_12.txt,-0.9999974370002747
2017-09,translated_2017-09-30_[COMPANY_1] Vermögensausweis_page_13.txt,-0.9999982714653015
2017-09,translated_2017-09-30_[COMPANY_1] Vermögensausweis_page_14.txt,-0.9999977350234985
2017-09,translated_2017-09-30_[COMPANY_1] Vermögensausweis_page_15.txt,-0.999998927116394
2017-09,translated_2017-09-30_[COMPANY_1] Vermögensausweis_page_16.txt,-0.9999988079071045
2017-09,translated_2017-09-30_[COMPANY_1] Vermögensausweis_page_17.txt,-0.9999990463256836
2017-09,translated_2017-09-30_[COMPANY_1] Vermögensausweis_page_18.txt,-0.9999984502792358
2017-09,translated_2017-09-30_[COMPANY_1] Vermögensausweis_page_19.txt,-0.9999976754188538
2017-09,translated_2017-09-30_[COMPANY_1] Vermögensausweis_page_2.txt,-0.9999989867210388
2017-09,translated_2017-09-30_[COMPANY_1] Vermögensausweis_page_20.txt,-0.9999993443489075
2017-09,translated_2017-09-30_[COMPANY_1] Vermögensausweis_page_21.txt,-0.9999989867210388
2017-09,translated_2017-09-30_[COMPANY_1] Vermögensausweis_page_22.txt,-0.9999991655349731
2017-09,translated_2017-09-30_[COMPANY_1] Vermögensausweis_page_23.txt,-0.9999982118606567
2017-09,translated_2017-09-30_[COMPANY_1] Vermögensausweis_page_24.txt,-0.9999992847442627
2017-09,translated_2017-09-30_[COMPANY_1] Vermögensausweis_page_25.txt,-0.9999993443489075
2017-09,translated_2017-09-30_[COMPANY_1] Vermögensausweis_page_26.txt,-0.9999990463256836
2017-09,translated_2017-09-30_[COMPANY_1] Vermögensausweis_page_27.txt,-0.9999985694885254
2017-09,translated_2017-09-30_[COMPANY_1] Vermögensausweis_page_28.txt,-0.9999918341636658
2017-09,translated_2017-09-30_[COMPANY_1] Vermögensausweis_page_29.txt,-0.9999933242797852
2017-09,translated_2017-09-30_[COMPANY_1] Vermögensausweis_page_3.txt,-0.9999940395355225
2017-09,translated_2017-09-30_[COMPANY_1] Vermögensausweis_page_4.txt,-0.9999989867210388
2017-09,translated_2017-09-30_[COMPANY_1] Vermögensausweis_page_5.txt,-0.999998927116394
2017-09,translated_2017-09-30_[COMPANY_1] Vermögensausweis_page_6.txt,-0.9999992251396179
2017-09,translated_2017-09-30_[COMPANY_1] Vermögensausweis_page_7.txt,-0.9999992251396179
2017-09,translated_2017-09-30_[COMPANY_1] Vermögensausweis_page_8.txt,-0.9999996423721313
2017-09,translated_2017-09-30_[COMPANY_1] Vermögensausweis_page_9.txt,-0.999998927116394
2017-03,translated_20170331_[COMPANY_1] Performancebegründung_page_1.txt,-0.9479760527610779
2017-03,translated_20170331_[COMPANY_1] Performancebegründung_page_2.txt,-0.014332594349980354
2017-03,translated_20170331_[COMPANY_1] Performancebegründung_page_3.txt,-0.001095710787922144
2017-03,translated_20170331_[COMPANY_1] Performancebegründung_page_4.txt,0.7565432190895081
2017-03,translated_20170331_[COMPANY_1] Performancebegründung_page_5.txt,-0.7798845171928406
2017-03,translated_20170331_[COMPANY_1] Performancebegründung_page_6.txt,-0.9991995692253113
2017-03,translated_20170331_[COMPANY_1] Vermögensausweis_page_1.txt,-0.9999697804450989
2017-03,translated_20170331_[COMPANY_1] Vermögensausweis_page_10.txt,-0.9999974966049194
2017-03,translated_20170331_[COMPANY_1] Vermögensausweis_page_11.txt,-0.9999978542327881
2017-03,translated_20170331_[COMPANY_1] Vermögensausweis_page_12.txt,-0.9999983906745911
2017-03,translated_20170331_[COMPANY_1] Vermögensausweis_page_13.txt,-0.9999983906745911
2017-03,translated_20170331_[COMPANY_1] Vermögensausweis_page_14.txt,-0.9999984502792358
2017-03,translated_20170331_[COMPANY_1] Vermögensausweis_page_15.txt,-0.9999985098838806
2017-03,translated_20170331_[COMPANY_1] Vermögensausweis_page_16.txt,-0.9999983906745911
2017-03,translated_20170331_[COMPANY_1] Vermögensausweis_page_17.txt,-0.9999984502792358
2017-03,translated_20170331_[COMPANY_1] Vermögensausweis_page_18.txt,-0.9999975562095642
2017-03,translated_20170331_[COMPANY_1] Vermögensausweis_page_19.txt,-0.9999986886978149
2017-03,translated_20170331_[COMPANY_1] Vermögensausweis_page_2.txt,-0.9999914169311523
2017-03,translated_20170331_[COMPANY_1] Vermögensausweis_page_20.txt,-0.999998927116394
2017-03,translated_20170331_[COMPANY_1] Vermögensausweis_page_21.txt,-0.9999986886978149
2017-03,translated_20170331_[COMPANY_1] Vermögensausweis_page_22.txt,-0.9999988079071045
2017-03,translated_20170331_[COMPANY_1] Vermögensausweis_page_23.txt,-0.9999983906745911
2017-03,translated_20170331_[COMPANY_1] Vermögensausweis_page_24.txt,-0.9999978542327881
2017-03,translated_20170331_[COMPANY_1] Vermögensausweis_page_25.txt,-0.9999982118606567
2017-03,translated_20170331_[COMPANY_1] Vermögensausweis_page_26.txt,-0.9999987483024597
2017-03,translated_20170331_[COMPANY_1] Vermögensausweis_page_27.txt,-0.9999986886978149
2017-03,translated_20170331_[COMPANY_1] Vermögensausweis_page_28.txt,-0.9999989867210388
2017-03,translated_20170331_[COMPANY_1] Vermögensausweis_page_29.txt,-0.9999990463256836
2017-03,translated_20170331_[COMPANY_1] Vermögensausweis_page_3.txt,-0.9999948740005493
2017-03,translated_20170331_[COMPANY_1] Vermögensausweis_page_30.txt,-0.9999980330467224
2017-03,translated_20170331_[COMPANY_1] Vermögensausweis_page_31.txt,-0.9999987483024597
2017-03,translated_20170331_[COMPANY_1] Vermögensausweis_page_32.txt,-0.9999942183494568
2017-03,translated_20170331_[COMPANY_1] Vermögensausweis_page_33.txt,-0.9999986886978149
2017-03,translated_20170331_[COMPANY_1] Vermögensausweis_page_4.txt,-0.9999982714653015
2017-03,translated_20170331_[COMPANY_1] Vermögensausweis_page_5.txt,-0.9999986290931702
2017-03,translated_20170331_[COMPANY_1] Vermögensausweis_page_6.txt,-0.9999992251396179
2017-03,translated_20170331_[COMPANY_1] Vermögensausweis_page_7.txt,-0.9999992251396179
2017-03,translated_20170331_[COMPANY_1] Vermögensausweis_page_8.txt,-0.9999991655349731
2017-03,translated_20170331_[COMPANY_1] Vermögensausweis_page_9.txt,-0.999999463558197
2017-12,translated_20171231_[COMPANY_1] Performancebegründung_page_1.txt,-0.534562349319458
2017-12,translated_20171231_[COMPANY_1] Performancebegründung_page_2.txt,-0.0022488131653517485
2017-12,translated_20171231_[COMPANY_1] Performancebegründung_page_3.txt,0.00020215239783283323
2017-12,translated_20171231_[COMPANY_1] Performancebegründung_page_4.txt,-0.998180627822876
2017-12,translated_20171231_[COMPANY_1] Vermögensausweis_page_1.txt,-0.9999954104423523
2017-12,translated_20171231_[COMPANY_1] Vermögensausweis_page_10.txt,-0.9999960660934448
2017-12,translated_20171231_[COMPANY_1] Vermögensausweis_page_11.txt,-0.9999979734420776
2017-12,translated_20171231_[COMPANY_1] Vermögensausweis_page_12.txt,-0.999997615814209
2017-12,translated_20171231_[COMPANY_1] Vermögensausweis_page_13.txt,-0.9999982714653015
2017-12,translated_20171231_[COMPANY_1] Vermögensausweis_page_14.txt,-0.9999979734420776
2017-12,translated_20171231_[COMPANY_1] Vermögensausweis_page_15.txt,-0.9999985694885254
2017-12,translated_20171231_[COMPANY_1] Vermögensausweis_page_16.txt,-0.9999986886978149
2017-12,translated_20171231_[COMPANY_1] Vermögensausweis_page_17.txt,-0.9999989867210388
2017-12,translated_20171231_[COMPANY_1] Vermögensausweis_page_18.txt,-0.9999983906745911
2017-12,translated_20171231_[COMPANY_1] Vermögensausweis_page_19.txt,-0.9999980330467224
2017-12,translated_20171231_[COMPANY_1] Vermögensausweis_page_2.txt,-0.9999986290931702
2017-12,translated_20171231_[COMPANY_1] Vermögensausweis_page_20.txt,-0.9999993443489075
2017-12,translated_20171231_[COMPANY_1] Vermögensausweis_page_21.txt,-0.9999992847442627
2017-12,translated_20171231_[COMPANY_1] Vermögensausweis_page_22.txt,-0.9999991655349731
2017-12,translated_20171231_[COMPANY_1] Vermögensausweis_page_23.txt,-0.9999982714653015
2017-12,translated_20171231_[COMPANY_1] Vermögensausweis_page_24.txt,-0.9999988079071045
2017-12,translated_20171231_[COMPANY_1] Vermögensausweis_page_25.txt,-0.9999993443489075
2017-12,translated_20171231_[COMPANY_1] Vermögensausweis_page_26.txt,-0.9999990463256836
2017-12,translated_20171231_[COMPANY_1] Vermögensausweis_page_27.txt,-0.9999984502792358
2017-12,translated_20171231_[COMPANY_1] Vermögensausweis_page_28.txt,-0.9999912977218628
2017-12,translated_20171231_[COMPANY_1] Vermögensausweis_page_29.txt,-0.9999936819076538
2017-12,translated_20171231_[COMPANY_1] Vermögensausweis_page_3.txt,-0.9999955892562866
2017-12,translated_20171231_[COMPANY_1] Vermögensausweis_page_4.txt,-0.9999993443489075
2017-12,translated_20171231_[COMPANY_1] Vermögensausweis_page_5.txt,-0.9999989867210388
2017-12,translated_20171231_[COMPANY_1] Vermögensausweis_page_6.txt,-0.9999992251396179
2017-12,translated_20171231_[COMPANY_1] Vermögensausweis_page_7.txt,-0.9999991059303284
2017-12,translated_20171231_[COMPANY_1] Vermögensausweis_page_8.txt,-0.9999995827674866
2017-12,translated_20171231_[COMPANY_1] Vermögensausweis_page_9.txt,-0.9999991655349731
2018-03,translated_20180331_[COMPANY_1]_Performancebegründung_page_1.txt,-0.18930844962596893
2018-03,translated_20180331_[COMPANY_1]_Performancebegründung_page_2.txt,0.005510495975613594
2018-03,translated_20180331_[COMPANY_1]_Performancebegründung_page_3.txt,0.9831017255783081
2018-03,translated_20180331_[COMPANY_1]_Performancebegründung_page_4.txt,-0.9993119239807129
2018-03,translated_20180331_[COMPANY_1]_Vermögensausweis_page_1.txt,-0.999994695186615
2018-03,translated_20180331_[COMPANY_1]_Vermögensausweis_page_10.txt,-0.9999963045120239
2018-03,translated_20180331_[COMPANY_1]_Vermögensausweis_page_11.txt,-0.9999979734420776
2018-03,translated_20180331_[COMPANY_1]_Vermögensausweis_page_12.txt,-0.9999980330467224
2018-03,translated_20180331_[COMPANY_1]_Vermögensausweis_page_13.txt,-0.9999978542327881
2018-03,translated_20180331_[COMPANY_1]_Vermögensausweis_page_14.txt,-0.9999982714653015
2018-03,translated_20180331_[COMPANY_1]_Vermögensausweis_page_15.txt,-0.9999983310699463
2018-03,translated_20180331_[COMPANY_1]_Vermögensausweis_page_16.txt,-0.9999986290931702
2018-03,translated_20180331_[COMPANY_1]_Vermögensausweis_page_17.txt,-0.9999988675117493
2018-03,translated_20180331_[COMPANY_1]_Vermögensausweis_page_18.txt,-0.9999987483024597
2018-03,translated_20180331_[COMPANY_1]_Vermögensausweis_page_19.txt,-0.9999977350234985
2018-03,translated_20180331_[COMPANY_1]_Vermögensausweis_page_2.txt,-0.9999989867210388
2018-03,translated_20180331_[COMPANY_1]_Vermögensausweis_page_20.txt,-0.9999991059303284
2018-03,translated_20180331_[COMPANY_1]_Vermögensausweis_page_21.txt,-0.9999992251396179
2018-03,translated_20180331_[COMPANY_1]_Vermögensausweis_page_22.txt,-0.9999985694885254
2018-03,translated_20180331_[COMPANY_1]_Vermögensausweis_page_23.txt,-0.9999985694885254
2018-03,translated_20180331_[COMPANY_1]_Vermögensausweis_page_24.txt,-0.9999985694885254
2018-03,translated_20180331_[COMPANY_1]_Vermögensausweis_page_25.txt,-0.9999993443489075
2018-03,translated_20180331_[COMPANY_1]_Vermögensausweis_page_26.txt,-0.9999992251396179
2018-03,translated_20180331_[COMPANY_1]_Vermögensausweis_page_27.txt,-0.9999980926513672
2018-03,translated_20180331_[COMPANY_1]_Vermögensausweis_page_28.txt,-0.9999921917915344
2018-03,translated_20180331_[COMPANY_1]_Vermögensausweis_page_29.txt,-0.9999934434890747
2018-03,translated_20180331_[COMPANY_1]_Vermögensausweis_page_3.txt,-0.9999921917915344
2018-03,translated_20180331_[COMPANY_1]_Vermögensausweis_page_4.txt,-0.9999991655349731
2018-03,translated_20180331_[COMPANY_1]_Vermögensausweis_page_5.txt,-0.9999991059303284
2018-03,translated_20180331_[COMPANY_1]_Vermögensausweis_page_6.txt,-0.9999991059303284
2018-03,translated_20180331_[COMPANY_1]_Vermögensausweis_page_7.txt,-0.9999992251396179
2018-03,translated_20180331_[COMPANY_1]_Vermögensausweis_page_8.txt,-0.9999996423721313
2018-03,translated_20180331_[COMPANY_1]_Vermögensausweis_page_9.txt,-0.9999983906745911
2018-06,translated_20180630_[COMPANY_1] Performancebegründung_page_1.txt,-0.7730622291564941
2018-06,translated_20180630_[COMPANY_1] Performancebegründung_page_2.txt,0.0009984106291085482
2018-06,translated_20180630_[COMPANY_1] Performancebegründung_page_3.txt,0.05941643565893173
2018-06,translated_20180630_[COMPANY_1] Performancebegründung_page_4.txt,-0.9989640712738037
2018-06,translated_20180630_[COMPANY_1] Vermögensausweis_page_1.txt,-0.9999954104423523
2018-06,translated_20180630_[COMPANY_1] Vermögensausweis_page_10.txt,-0.9999963641166687
2018-06,translated_20180630_[COMPANY_1] Vermögensausweis_page_11.txt,-0.9999978542327881
2018-06,translated_20180630_[COMPANY_1] Vermögensausweis_page_12.txt,-0.9999983906745911
2018-06,translated_20180630_[COMPANY_1] Vermögensausweis_page_13.txt,-0.9999974370002747
2018-06,translated_20180630_[COMPANY_1] Vermögensausweis_page_14.txt,-0.999998152256012
2018-06,translated_20180630_[COMPANY_1] Vermögensausweis_page_15.txt,-0.9999984502792358
2018-06,translated_20180630_[COMPANY_1] Vermögensausweis_page_16.txt,-0.9999989867210388
2018-06,translated_20180630_[COMPANY_1] Vermögensausweis_page_17.txt,-0.9999988079071045
2018-06,translated_20180630_[COMPANY_1] Vermögensausweis_page_18.txt,-0.9999989867210388
2018-06,translated_20180630_[COMPANY_1] Vermögensausweis_page_19.txt,-0.9999978542327881
2018-06,translated_20180630_[COMPANY_1] Vermögensausweis_page_2.txt,-0.999998927116394
2018-06,translated_20180630_[COMPANY_1] Vermögensausweis_page_20.txt,-0.9999990463256836
2018-06,translated_20180630_[COMPANY_1] Vermögensausweis_page_21.txt,-0.9999993443489075
2018-06,translated_20180630_[COMPANY_1] Vermögensausweis_page_22.txt,-0.999998152256012
2018-06,translated_20180630_[COMPANY_1] Vermögensausweis_page_23.txt,-0.9999980330467224
2018-06,translated_20180630_[COMPANY_1] Vermögensausweis_page_24.txt,-0.9999989867210388
2018-06,translated_20180630_[COMPANY_1] Vermögensausweis_page_25.txt,-0.9999994039535522
2018-06,translated_20180630_[COMPANY_1] Vermögensausweis_page_26.txt,-0.9999988675117493
2018-06,translated_20180630_[COMPANY_1] Vermögensausweis_page_27.txt,-0.9999961256980896
2018-06,translated_20180630_[COMPANY_1] Vermögensausweis_page_28.txt,-0.9999927282333374
2018-06,translated_20180630_[COMPANY_1] Vermögensausweis_page_29.txt,-0.9999935030937195
2018-06,translated_20180630_[COMPANY_1] Vermögensausweis_page_3.txt,-0.9999935030937195
2018-06,translated_20180630_[COMPANY_1] Vermögensausweis_page_4.txt,-0.9999991059303284
2018-06,translated_20180630_[COMPANY_1] Vermögensausweis_page_5.txt,-0.9999988079071045
2018-06,translated_20180630_[COMPANY_1] Vermögensausweis_page_6.txt,-0.9999990463256836
2018-06,translated_20180630_[COMPANY_1] Vermögensausweis_page_7.txt,-0.999998927116394
2018-06,translated_20180630_[COMPANY_1] Vermögensausweis_page_8.txt,-0.9999996423721313
2018-06,translated_20180630_[COMPANY_1] Vermögensausweis_page_9.txt,-0.9999967217445374
2018-09,translated_20180930_[COMPANY_1] Vermögensausweis_page_1.txt,-0.9999949932098389
2018-09,translated_20180930_[COMPANY_1] Vermögensausweis_page_10.txt,-0.9999975562095642
2018-09,translated_20180930_[COMPANY_1] Vermögensausweis_page_11.txt,-0.9999983310699463
2018-09,translated_20180930_[COMPANY_1] Vermögensausweis_page_12.txt,-0.9999983310699463
2018-09,translated_20180930_[COMPANY_1] Vermögensausweis_page_13.txt,-0.9999982118606567
2018-09,translated_20180930_[COMPANY_1] Vermögensausweis_page_14.txt,-0.9999978542327881
2018-09,translated_20180930_[COMPANY_1] Vermögensausweis_page_15.txt,-0.999998152256012
2018-09,translated_20180930_[COMPANY_1] Vermögensausweis_page_16.txt,-0.9999983906745911
2018-09,translated_20180930_[COMPANY_1] Vermögensausweis_page_17.txt,-0.9999989867210388
2018-09,translated_20180930_[COMPANY_1] Vermögensausweis_page_18.txt,-0.9999988675117493
2018-09,translated_20180930_[COMPANY_1] Vermögensausweis_page_19.txt,-0.9999978542327881
2018-09,translated_20180930_[COMPANY_1] Vermögensausweis_page_2.txt,-0.9999990463256836
2018-09,translated_20180930_[COMPANY_1] Vermögensausweis_page_20.txt,-0.9999975562095642
2018-09,translated_20180930_[COMPANY_1] Vermögensausweis_page_21.txt,-0.9999991059303284
2018-09,translated_20180930_[COMPANY_1] Vermögensausweis_page_22.txt,-0.9999989867210388
2018-09,translated_20180930_[COMPANY_1] Vermögensausweis_page_23.txt,-0.9999985098838806
2018-09,translated_20180930_[COMPANY_1] Vermögensausweis_page_24.txt,-0.9999983310699463
2018-09,translated_20180930_[COMPANY_1] Vermögensausweis_page_25.txt,-0.9999991655349731
2018-09,translated_20180930_[COMPANY_1] Vermögensausweis_page_26.txt,-0.9999991059303284
2018-09,translated_20180930_[COMPANY_1] Vermögensausweis_page_27.txt,-0.9999988079071045
2018-09,translated_20180930_[COMPANY_1] Vermögensausweis_page_28.txt,-0.9999983906745911
2018-09,translated_20180930_[COMPANY_1] Vermögensausweis_page_29.txt,-0.9999929070472717
2018-09,translated_20180930_[COMPANY_1] Vermögensausweis_page_3.txt,-0.9999940395355225
2018-09,translated_20180930_[COMPANY_1] Vermögensausweis_page_30.txt,-0.9999936819076538
2018-09,translated_20180930_[COMPANY_1] Vermögensausweis_page_4.txt,-0.9999993443489075
2018-09,translated_20180930_[COMPANY_1] Vermögensausweis_page_5.txt,-0.9999988079071045
2018-09,translated_20180930_[COMPANY_1] Vermögensausweis_page_6.txt,-0.9999991059303284
2018-09,translated_20180930_[COMPANY_1] Vermögensausweis_page_7.txt,-0.9999992847442627
2018-09,translated_20180930_[COMPANY_1] Vermögensausweis_page_8.txt,-0.9999996423721313
2018-09,translated_20180930_[COMPANY_1] Vermögensausweis_page_9.txt,-0.999998927116394
2018-09,translated_20180930_[COMPANY_2]_10011435-001_2417693_000000_page_1.txt,-0.28857916593551636
2018-09,translated_20180930_[COMPANY_2]_10011435-001_2417693_000000_page_2.txt,2.4517468773410656e-05
2018-09,translated_20180930_[COMPANY_2]_10011435-001_2417693_000000_page_3.txt,0.6955609321594238
2018-09,translated_20180930_[COMPANY_2]_10011435-001_2417693_000000_page_4.txt,-0.9994376301765442
2018-12,translated_20181231_[COMPANY_1] Performancebegründung Q4 2018_page_1.txt,-0.6738455295562744
2018-12,translated_20181231_[COMPANY_1] Performancebegründung Q4 2018_page_2.txt,0.8359546661376953
2018-12,translated_20181231_[COMPANY_1] Performancebegründung Q4 2018_page_3.txt,0.7450160980224609
2018-12,translated_20181231_[COMPANY_1] Performancebegründung Q4 2018_page_4.txt,-0.19770541787147522
2018-12,translated_20181231_[COMPANY_1] Performancebegründung Q4 2018_page_5.txt,-0.9989234209060669
2018-12,translated_20181231_[COMPANY_1]_Vermögensausweis_page_1.txt,-0.9999958872795105
2018-12,translated_20181231_[COMPANY_1]_Vermögensausweis_page_10.txt,-0.9999980330467224
2018-12,translated_20181231_[COMPANY_1]_Vermögensausweis_page_11.txt,-0.9999985098838806
2018-12,translated_20181231_[COMPANY_1]_Vermögensausweis_page_12.txt,-0.9999983906745911
2018-12,translated_20181231_[COMPANY_1]_Vermögensausweis_page_13.txt,-0.999998152256012
2018-12,translated_20181231_[COMPANY_1]_Vermögensausweis_page_14.txt,-0.9999983310699463
2018-12,translated_20181231_[COMPANY_1]_Vermögensausweis_page_15.txt,-0.9999987483024597
2018-12,translated_20181231_[COMPANY_1]_Vermögensausweis_page_16.txt,-0.9999986886978149
2018-12,translated_20181231_[COMPANY_1]_Vermögensausweis_page_17.txt,-0.9999988675117493
2018-12,translated_20181231_[COMPANY_1]_Vermögensausweis_page_18.txt,-0.9999991655349731
2018-12,translated_20181231_[COMPANY_1]_Vermögensausweis_page_19.txt,-0.9999986290931702
2018-12,translated_20181231_[COMPANY_1]_Vermögensausweis_page_2.txt,-0.9999986290931702
2018-12,translated_20181231_[COMPANY_1]_Vermögensausweis_page_20.txt,-0.9999991059303284
2018-12,translated_20181231_[COMPANY_1]_Vermögensausweis_page_21.txt,-0.9999993443489075
2018-12,translated_20181231_[COMPANY_1]_Vermögensausweis_page_22.txt,-0.9999990463256836
2018-12,translated_20181231_[COMPANY_1]_Vermögensausweis_page_23.txt,-0.9999979138374329
2018-12,translated_20181231_[COMPANY_1]_Vermögensausweis_page_24.txt,-0.9999980926513672
2018-12,translated_20181231_[COMPANY_1]_Vermögensausweis_page_25.txt,-0.9999990463256836
2018-12,translated_20181231_[COMPANY_1]_Vermögensausweis_page_26.txt,-0.9999992847442627
2018-12,translated_20181231_[COMPANY_1]_Vermögensausweis_page_27.txt,-0.9999991059303284
2018-12,translated_20181231_[COMPANY_1]_Vermögensausweis_page_28.txt,-0.9999968409538269
2018-12,translated_20181231_[COMPANY_1]_Vermögensausweis_page_29.txt,-0.999992847442627
2018-12,translated_20181231_[COMPANY_1]_Vermögensausweis_page_3.txt,-0.9999938607215881
2018-12,translated_20181231_[COMPANY_1]_Vermögensausweis_page_30.txt,-0.999994695186615
2018-12,translated_20181231_[COMPANY_1]_Vermögensausweis_page_4.txt,-0.9999993443489075
2018-12,translated_20181231_[COMPANY_1]_Vermögensausweis_page_5.txt,-0.9999991655349731
2018-12,translated_20181231_[COMPANY_1]_Vermögensausweis_page_6.txt,-0.9999993443489075
2018-12,translated_20181231_[COMPANY_1]_Vermögensausweis_page_7.txt,-0.9999992847442627
2018-12,translated_20181231_[COMPANY_1]_Vermögensausweis_page_8.txt,-0.9999996423721313
2018-12,translated_20181231_[COMPANY_1]_Vermögensausweis_page_9.txt,-0.9999986290931702
2019-03,translated_20190331_[COMPANY_1]_Performancebericht_page_1.txt,-0.846138596534729
2019-03,translated_20190331_[COMPANY_1]_Performancebericht_page_2.txt,-0.0006851620855741203
2019-03,translated_20190331_[COMPANY_1]_Performancebericht_page_3.txt,0.0022064968943595886
2019-03,translated_20190331_[COMPANY_1]_Performancebericht_page_4.txt,-0.9995412826538086
2019-03,translated_20190331_[COMPANY_1]_Vermögensausweis_page_1.txt,-0.9999936819076538
2019-03,translated_20190331_[COMPANY_1]_Vermögensausweis_page_10.txt,-0.9999977946281433
2019-03,translated_20190331_[COMPANY_1]_Vermögensausweis_page_11.txt,-0.9999979734420776
2019-03,translated_20190331_[COMPANY_1]_Vermögensausweis_page_12.txt,-0.9999982118606567
2019-03,translated_20190331_[COMPANY_1]_Vermögensausweis_page_13.txt,-0.9999983310699463
2019-03,translated_20190331_[COMPANY_1]_Vermögensausweis_page_14.txt,-0.999998152256012
2019-03,translated_20190331_[COMPANY_1]_Vermögensausweis_page_15.txt,-0.9999985098838806
2019-03,translated_20190331_[COMPANY_1]_Vermögensausweis_page_16.txt,-0.9999985098838806
2019-03,translated_20190331_[COMPANY_1]_Vermögensausweis_page_17.txt,-0.9999988079071045
2019-03,translated_20190331_[COMPANY_1]_Vermögensausweis_page_18.txt,-0.999998927116394
2019-03,translated_20190331_[COMPANY_1]_Vermögensausweis_page_19.txt,-0.9999983906745911
2019-03,translated_20190331_[COMPANY_1]_Vermögensausweis_page_2.txt,-0.9999989867210388
2019-03,translated_20190331_[COMPANY_1]_Vermögensausweis_page_20.txt,-0.9999975562095642
2019-03,translated_20190331_[COMPANY_1]_Vermögensausweis_page_21.txt,-0.9999990463256836
2019-03,translated_20190331_[COMPANY_1]_Vermögensausweis_page_22.txt,-0.9999991655349731
2019-03,translated_20190331_[COMPANY_1]_Vermögensausweis_page_23.txt,-0.9999986886978149
2019-03,translated_20190331_[COMPANY_1]_Vermögensausweis_page_24.txt,-0.9999982118606567
2019-03,translated_20190331_[COMPANY_1]_Vermögensausweis_page_25.txt,-0.9999982714653015
2019-03,translated_20190331_[COMPANY_1]_Vermögensausweis_page_26.txt,-0.9999990463256836
2019-03,translated_20190331_[COMPANY_1]_Vermögensausweis_page_27.txt,-0.9999994039535522
2019-03,translated_20190331_[COMPANY_1]_Vermögensausweis_page_28.txt,-0.9999983310699463
2019-03,translated_20190331_[COMPANY_1]_Vermögensausweis_page_29.txt,-0.9999963641166687
2019-03,translated_20190331_[COMPANY_1]_Vermögensausweis_page_3.txt,-0.999994158744812
2019-03,translated_20190331_[COMPANY_1]_Vermögensausweis_page_30.txt,-0.9999931454658508
2019-03,translated_20190331_[COMPANY_1]_Vermögensausweis_page_31.txt,-0.9999942779541016
2019-03,translated_20190331_[COMPANY_1]_Vermögensausweis_page_4.txt,-0.9999992847442627
2019-03,translated_20190331_[COMPANY_1]_Vermögensausweis_page_5.txt,-0.9999991059303284
2019-03,translated_20190331_[COMPANY_1]_Vermögensausweis_page_6.txt,-0.9999992251396179
2019-03,translated_20190331_[COMPANY_1]_Vermögensausweis_page_7.txt,-0.9999992251396179
2019-03,translated_20190331_[COMPANY_1]_Vermögensausweis_page_8.txt,-0.9999996423721313
2019-03,translated_20190331_[COMPANY_1]_Vermögensausweis_page_9.txt,-0.9999987483024597
2019-06,translated_20190630_[COMPANY_1]_Performancebegründung_page_1.txt,-0.7333517670631409
2019-06,translated_20190630_[COMPANY_1]_Performancebegründung_page_2.txt,0.1602473258972168
2019-06,translated_20190630_[COMPANY_1]_Performancebegründung_page_3.txt,7.075124449329451e-05
