"Date";"chinf";"usinf";"deinf"
1999-12-31;3;11,65;NA
2000-01-31;2,75;11,95;NA
2000-02-29;2,675;12,45;NA
2000-03-31;2,55;12,15;NA
2000-04-30;3,35;13,15;NA
2000-05-31;3,65;13,35;NA
2000-06-30;3,75;12,55;NA
2000-07-31;3,625;12,35;NA
2000-08-31;3,95;12,95;NA
2000-09-30;4,75;12,45;NA
2000-10-31;4,85;14;NA
2000-11-30;5,05;13,65;NA
2000-12-31;5,25;13,95;NA
2001-01-31;4,7;13,15;NA
2001-02-28;4,45;12,65;NA
2001-03-31;4,35;12,75;NA
2001-04-30;3,95;12,35;NA
2001-05-31;3,75;11,15;NA
2001-06-30;3,775;10,35;NA
2001-07-31;4,2;11,2;NA
2001-08-31;3,7;11,7;NA
2001-09-30;5,05;12,05;NA
2001-10-31;5,3;11,5;NA
2001-11-30;5,2;12,15;NA
2001-12-31;4,9;11,25;NA
2002-01-31;4,7;10,8;NA
2002-02-28;4,05;10,35;NA
2002-03-31;4,025;9,25;NA
2002-04-30;4,2;9,85;NA
2002-05-31;4,15;10,35;NA
2002-06-30;4,175;12;NA
2002-07-31;4,5;11,2;NA
2002-08-31;4,375;10,9;NA
2002-09-30;4,55;10,85;NA
2002-10-31;4,35;10,15;NA
2002-11-30;4,25;10;NA
2002-12-31;4,7;11,1;NA
2003-01-31;4,25;10,95;NA
2003-02-28;4,175;10,75;NA
2003-03-31;4,15;11,15;NA
2003-04-30;4,05;10,95;NA
2003-05-31;4,55;10,95;NA
2003-06-30;5,1;9,9;NA
2003-07-31;4,725;10,35;NA
2003-08-31;4,35;10,5;NA
2003-09-30;4,5;11,45;NA
2003-10-31;4,175;10,75;NA
2003-11-30;4,325;11,5;NA
2003-12-31;4,3;11,8;NA
2004-01-31;4,225;11,15;NA
2004-02-29;4,125;11,05;NA
2004-03-31;4,2;11,45;NA
2004-04-30;4,05;11,5;NA
2004-05-31;4,25;11,55;NA
2004-06-30;4,4;11,1;NA
2004-07-31;4,15;11,15;NA
2004-08-31;4,05;11,25;NA
2004-09-30;3,9;10,9;NA
2004-10-31;3,85;11,35;NA
2004-11-30;3,85;11,45;NA
2004-12-31;3,65;11,3;NA
2005-01-31;3,75;10,65;NA
2005-02-28;3,55;10,35;NA
2005-03-31;3,4;10,32;6,85
2005-04-30;3,5;10,25;7,1
2005-05-31;3,5;10,3;6,7
2005-06-30;3,2;9,9;6,55
2005-07-31;3,1;9,65;6,55
2005-08-31;3,15;9,6;6,5
2005-09-30;3,1;10,2;6,5
2005-10-31;3,15;10,1;6,55
2005-11-30;3,05;10,22;6,2
2005-12-31;3;10,15;6,475
2006-01-31;2,95;9,8515;6,35
2006-02-28;3;9,5766;6,025
2006-03-31;2,95;9,5014;5,9
2006-04-30;3,0509;9,7764;5,8
2006-05-31;3,2;10,2;5,8
2006-06-30;2,975;9,675;5,9
2006-07-31;2,95;9,4507;5,3
2006-08-31;2,85;9,4;5
2006-09-30;2,95;8,5;4,95
2006-10-31;2,75;7,8009;4,45
2006-11-30;2,7;8,575;4,7
2006-12-31;2,4;7,625;4,6
2007-01-31;2,825;6,975;5,15
2007-02-28;2,925;6,875;5,3
2007-03-31;2,875;6,95;5,4
2007-04-30;2,9;6,7;5,2
2007-05-31;2,95;6,3;4,85
2007-06-30;3,1;6,5508;4,75
2007-07-31;3,35;6,95;4,75
2007-08-31;3,575;6,95;6,35
2007-09-30;3,1;6,8375;7,1
2007-10-31;3,5712;7,1832;6,5
2007-11-30;4,05;8,3;8,4
2007-12-31;3,625;8,5;9,05
2008-01-31;4,25;8,7;9,35
2008-02-29;4,825;9,5;9,55
2008-03-31;5,675;11,45;11,8
2008-04-30;4,675;11,25;10,55
2008-05-31;4,9;10,55;10,2
2008-06-30;5,4166;11,8008;10,55
2008-07-31;4,9234;10,85;9,667
2008-08-31;5;10,95;10,008
2008-09-30;5,6;13,5;11,1
2008-10-31;9,375;16,2985;14,563
2008-11-30;7,6;16,15;18,9815
2008-12-31;9,2;17,95;22,0115
2009-01-31;8,45;15,1875;19,384
2009-02-28;8;14,7668;19,089
2009-03-31;6,85;15,35;16,946
2009-04-30;6,3;12;13,868
2009-05-31;5,7;14,3355;12,314
2009-06-30;4,55;13,1469;12,3075
2009-07-31;4,4;12,3285;11,155
2009-08-31;4,85;12,15;11,707
2009-09-30;4,6625;11,65;12,176
2009-10-31;4,775;13,0693;14,0415
2009-11-30;5,1;14,25;14,406
2009-12-31;5,25;12,85;13,152
2010-01-31;4,5;11,914;11,5465
2010-02-28;4,2199;11,874;11,8295
2010-03-31;4,75;11,417;12,086
2010-04-30;5,5;11,258;11,457
2010-05-31;6,9;11,75;12,356
2010-06-30;9,945;11,9;12,424
2010-07-31;8,3345;10,5625;11,0045
2010-08-31;9,8;12,7734;12,788
2010-09-30;9,9;12,1636;13,4395
2010-10-31;9,7;13,3506;13,2026
2010-11-30;11,3;13,2;13,8169
2010-12-31;11,9916;12,725;13,3611
2011-01-31;10,6875;11,939;13,0101
2011-02-28;9,825;11,512;11,813
2011-03-31;10,3;11,761;12,33
2011-04-30;10,3;12,55;12,0445
2011-05-31;11,9;12,839;12,8025
2011-06-30;11,875;11,992;12,885
2011-07-31;14,375;12,9505;12,875
2011-08-31;15,275;14,125;13,9065
2011-09-30;10,925;16,5;12,886
2011-10-31;11,8;14,55;12,6555
2011-11-30;11,925;16,85;13,2005
2011-12-31;9,725;15,5;12,45
2012-01-31;9,3275;13,15;11,3595
2012-02-29;6,85;12,3;10,011
2012-03-31;5,925;11,825;9,1
2012-04-30;5,5755;11,85;9,575
2012-05-31;8,525;14,725;12,175
2012-06-30;7;12,325;10,5
2012-07-31;7,1625;12,625;10,4945
2012-08-31;6,7;11,8755;9,882
2012-09-30;6,2875;10,0755;8,2
2012-10-31;5,375;9,3005;7,5
2012-11-30;4,75;8,9;7,266
2012-12-31;4,75;8,9655;7,35
2013-01-31;5,6005;8,5985;8
2013-02-28;4,875;9,025;8,6
2013-03-31;4,8;8,875;7,748
2013-04-30;4,75;8,8;7,263
2013-05-31;5,525;10,45;8,233
2013-06-30;5,5;10,15;8,225
2013-07-31;5,1;9,4605;7,7815
2013-08-31;5,4;10,7;8,3
2013-09-30;5;9,499;7,825
2013-10-31;4,925;9,425;7,65
2013-11-30;4,725;8,851;7,75
2013-12-31;4,9125;9,5635;7,85
2014-01-31;4,825;9,301;8,2
2014-02-28;4,475;8,7695;7,925
2014-03-31;4,1995;8,593;7,575
2014-04-30;3,6;7,782;7,075
2014-05-31;3,3;7,7695;7,35
2014-06-30;2,95;6,893;6,75
2014-07-31;2,8045;7,455;7,175
2014-08-31;3,1955;7,5645;7,3
2014-09-30;3,854;9,15;7,9575
2014-10-31;4,554;8,775;8,025
2014-11-30;4,8425;9,273;8,5795
2014-12-31;4,1625;9,9;8,9
2015-01-31;12,8;12,8;13
2015-02-28;9,775;9,925;9,55
2015-03-31;10,25;11,3;10,372
2015-04-30;9,7485;10,675;9,4625
2015-05-31;9,689;11,55;9,3825
2015-06-30;9,775;11,35;10,0875
2015-07-31;8,2;10,1655;9,2385
2015-08-31;8,35;10,725;9,5245
2015-09-30;8,0615;10,625;9,8155
2015-10-31;7,725;10,599;9,9485
2015-11-30;8,075;11,846;10,7935
2015-12-31;7,675;10,425;10,825
2016-01-31;7,95;10,85;11
2016-02-29;8,825;11,8;13,3535
2016-03-31;8,175;10,025;12,981
2016-04-30;7,425;9,725;11,1
2016-05-31;6,8865;9,575;10,583
2016-06-30;7,258;9,5685;12,547
2016-07-31;6,825;8,675;10,05
2016-08-31;6,625;9,3405;10,125
2016-09-30;6,825;9,343;10,5
2016-10-31;7,05;9,175;11,475
2016-11-30;7,825;10,425;11,525
2016-12-31;7,525;10,35;10,925
2017-01-31;7,35;9,85;10,5
2017-02-28;7,25;8,85;9,55
2017-03-31;5,65;7,92;8,175
2017-04-30;5,05;7,262;7,625
2017-05-31;5,1;7,9135;8,125
2017-06-30;5,05;7,575;8,375
2017-07-31;6,375;8,1355;8,875
2017-08-31;6,975;8,444;9,225
2017-09-30;6,8;8,075;8,9
2017-10-31;6,225;7,675;8,625
2017-11-30;6,05;7,625;8,45
2017-12-31;6,25;7,825;8,325
2018-01-31;5,675;7,8135;7,9
2018-02-28;5,825;7,86;8,125
2018-03-31;5,475;7,825;8,3
2018-04-30;5,35;7,2755;7,6
2018-05-31;6,625;7,4275;7,725
2018-06-30;5,75;7,332;7,375
2018-07-31;5,375;7,126;7,8
2018-08-31;6,45;7,5425;8,55
2018-09-30;6,275;7,291;9,275
2018-10-31;6,15;7,296;9,375
2018-11-30;6,3;7,334;10,45
2018-12-31;6,275;7,613;11,15
2019-01-31;5,45;6,858;9,525
2019-02-28;5,075;6,7;8,75
2019-03-31;5,525;6,4055;9
2019-04-30;4,875;6,202;7,9
2019-05-31;5,025;6,2305;9,4
2019-06-30;5,175;6,44;9,25
2019-07-31;4,825;6,103;9,575
2019-08-31;5,45;7,0095;10,4
2019-09-30;5,175;6,45;9,7
2019-10-31;4,825;6;8,525
2019-11-30;4,675;5,95;8,225
2019-12-31;4,7;6,075;7,825
2020-01-31;4,7;5,7495;6,9
2020-02-29;4,9;6,6235;7,75
2020-03-31;5,55;7,9;9,175
2020-04-30;5,85;6,75;8,875
2020-05-31;5,55;6,775;8,875
2020-06-30;5,672;6,825;9,1
2020-07-31;5,325;7,175;8,375
2020-08-31;5,375;7,25;8,125
2020-09-30;5,225;6,825;9,275
2020-10-31;5,05;6,75;8,65
2020-11-30;4,9;6,3;7,45
2020-12-31;5,1;6,375;7,4
2021-01-31;4,725;6,125;7,575
2021-02-28;5,175;6,975;8,1
2021-03-31;4,9;6,65;7,525
2021-04-30;4,95;6,4;7,3
2021-05-31;5,075;6,5;7,175
2021-06-30;4,9;6,35;6,725
2021-07-31;4,825;6,141;6,775
2021-08-31;4,85;6,375;6,85
2021-09-30;4,725;6,2485;7,225
2021-10-31;4,825;6,4;7,225
2021-11-30;5,05;6,95;7,675
2021-12-31;5;6,225;7,05
2022-01-31;4,775;6,8995;6,875
2022-02-28;5,725;6,825;7,175
2022-03-31;6,275;7,125;7,5
2022-04-30;6,5;8,15;8,2
2022-05-31;6,85;8;8,45
2022-06-30;7,25;9,025;9,525
2022-07-31;8,15;8,8745;9,5
2022-08-31;7,85;9,1;9,65
2022-09-30;9;9,85;13,55
2022-10-31;7,35;9,5425;10,925
2022-11-30;6,875;8,791;9,6
2022-12-31;6,125;8,1;8,7
2023-01-31;6,075;8,2;8,375
2023-02-28;5,825;8;8,1
2023-03-31;6,4;8,35;8,225
2023-04-30;5,925;8;7,3
2023-05-31;5,8;7,734;7,575
2023-06-30;5,25;7,2;7,625
2023-07-31;5,495;7,5;7,525
2023-08-31;5,65;7,45;7,5
2023-09-30;5,65;7,425;7,275
2023-10-31;5,875;7,55;7,525
2023-11-30;5,4;6,825;6,9
2023-12-31;5,9;7,65;7,375
2024-01-31;5,625;7,575;7,025
2024-02-29;5,2;7,013;6,5
2024-03-31;5,15;6,875;6,35
2024-04-30;5,55;6,925;6,675
2024-05-31;5,225;6,6;6,425
