"Date","CHF_1Y","CHF_2Y","CHF_3Y","CHF_5Y","CHF_7Y","CHF_10Y","CHF_20Y","CHF_30Y","EUR_1Y","EUR_2Y","EUR_3Y","EUR_5Y","EUR_7Y","EUR_10Y","EUR_20Y","EUR_30Y","USD_1Y","USD_2Y","USD_3Y","USD_5Y","USD_7Y","USD_10Y","USD_20Y","USD_30Y"
2016-12-31,-0.635,-0.793,-0.838,-0.655,-0.406,-0.135,0.226,0.349,-0.65,-0.51,-0.35,-0.18,-0.03,0.1,0.22,0.62,0.85,1.2,1.47,1.93,2.25,2.45,2.79,3.06
2017-01-31,-0.651,-0.835,-0.864,-0.626,-0.35,-0.072,0.282,0.401,-0.48,-0.31,-0.14,0.04,0.19,0.34,0.46,0.88,0.84,1.19,1.46,1.9,2.24,2.45,2.78,3.05
2017-02-28,-0.669,-0.874,-0.938,-0.752,-0.492,-0.213,0.154,0.278,-0.74,-0.59,-0.42,-0.25,-0.09,0.05,0.18,0.64,0.88,1.22,1.49,1.89,2.19,2.36,2.7,2.97
2017-03-31,-0.629,-0.773,-0.799,-0.594,-0.35,-0.1,0.218,0.325,-0.54,-0.39,-0.23,-0.07,0.08,0.21,0.33,0.76,1.03,1.27,1.5,1.93,2.22,2.4,2.76,3.02
2017-04-30,-0.637,-0.772,-0.792,-0.589,-0.346,-0.096,0.227,0.336,-0.52,-0.37,-0.21,-0.06,0.09,0.22,0.34,0.76,1.07,1.28,1.45,1.81,2.1,2.29,2.67,2.96
2017-05-31,-0.649,-0.8,-0.841,-0.659,-0.413,-0.145,0.208,0.327,-0.57,-0.42,-0.25,-0.09,0.06,0.21,0.33,0.78,1.17,1.28,1.44,1.75,2.02,2.21,2.6,2.87
2017-06-30,-0.63,-0.719,-0.712,-0.5,-0.266,-0.025,0.287,0.392,-0.38,-0.23,-0.07,0.08,0.23,0.36,0.48,0.89,1.24,1.38,1.55,1.89,2.14,2.31,2.61,2.84
2017-07-31,-0.623,-0.698,-0.666,-0.419,-0.176,0.06,0.357,0.456,-0.4,-0.23,-0.05,0.12,0.28,0.42,0.55,1.01,1.23,1.34,1.51,1.84,2.11,2.3,2.66,2.89
2017-08-31,-0.637,-0.745,-0.763,-0.581,-0.355,-0.114,0.203,0.31,-0.53,-0.37,-0.21,-0.05,0.1,0.23,0.35,0.78,1.23,1.33,1.44,1.7,1.95,2.12,2.47,2.73
2017-09-30,-0.637,-0.737,-0.726,-0.488,-0.235,0.017,0.34,0.448,-0.47,-0.3,-0.12,0.04,0.2,0.33,0.46,0.89,1.31,1.47,1.62,1.92,2.16,2.33,2.63,2.86
2017-10-31,-0.69,-0.779,-0.757,-0.524,-0.28,-0.029,0.298,0.409,-0.52,-0.35,-0.19,-0.02,0.14,0.28,0.41,0.88,1.43,1.6,1.73,2.01,2.23,2.38,2.66,2.88
2017-11-30,-0.692,-0.753,-0.714,-0.507,-0.293,-0.053,0.298,0.421,-0.45,-0.29,-0.13,0.03,0.17,0.3,0.42,0.85,1.62,1.78,1.9,2.14,2.31,2.42,2.65,2.83
2017-12-31,-0.704,-0.761,-0.716,-0.519,-0.32,-0.095,0.241,0.36,-0.34,-0.18,-0.02,0.12,0.25,0.37,0.48,0.87,1.76,1.89,1.98,2.2,2.33,2.4,2.58,2.74
2018-01-31,-0.749,-0.833,-0.743,-0.426,-0.157,0.103,0.436,0.549,-0.16,0.03,0.2,0.34,0.47,0.59,0.69,1.02,1.9,2.14,2.29,2.52,2.66,2.72,2.83,2.95
2018-02-28,-0.662,-0.77,-0.747,-0.474,-0.184,0.116,0.512,0.646,-0.17,0.02,0.19,0.35,0.48,0.6,0.7,1.05,2.07,2.25,2.42,2.65,2.8,2.87,3.02,3.13
2018-03-31,-0.654,-0.791,-0.79,-0.529,-0.241,0.054,0.437,0.567,-0.28,-0.11,0.05,0.19,0.32,0.43,0.53,0.87,2.09,2.27,2.39,2.56,2.68,2.74,2.85,2.97
2018-04-30,-0.619,-0.686,-0.664,-0.423,-0.157,0.12,0.482,0.604,-0.23,-0.06,0.11,0.26,0.39,0.5,0.6,0.93,2.24,2.49,2.62,2.79,2.91,2.95,3.01,3.11
2018-05-31,-0.638,-0.742,-0.76,-0.562,-0.3,-0.008,0.388,0.522,-0.39,-0.23,-0.06,0.09,0.22,0.34,0.44,0.79,2.23,2.4,2.54,2.68,2.78,2.83,2.01,3
2018-06-30,-0.619,-0.665,-0.671,-0.512,-0.285,-0.012,0.381,0.516,-0.4,-0.25,-0.1,0.04,0.16,0.28,0.38,0.73,2.33,2.52,2.63,2.73,2.81,2.85,2.91,2.98
2018-07-31,-0.621,-0.634,-0.588,-0.4,-0.199,0.042,0.426,0.565,-0.34,-0.19,-0.04,0.09,0.22,0.33,0.43,0.78,2.44,2.67,2.77,2.85,2.92,2.96,3.03,3.08
2018-08-31,-0.627,-0.668,-0.648,-0.483,-0.283,-0.032,0.384,0.537,-0.38,-0.25,-0.11,0.03,0.15,0.26,0.35,0.7,2.46,2.62,2.7,2.74,2.81,2.81,2.95,3.02
2018-09-30,-0.618,-0.619,-0.563,-0.351,-0.134,0.113,0.485,0.616,-0.25,-0.09,-0.05,0.18,0.3,0.4,0.49,0.8,2.59,2.81,2.88,2.94,3.01,3.05,3.13,3.19
2018-10-31,-0.645,-0.677,-0.632,-0.412,-0.183,0.071,0.437,0.565,-0.35,-0.2,-0.05,0.08,0.2,0.3,0.4,0.73,2.69,2.87,2.93,2.98,3.07,3.03,3.3,3.39
2018-11-30,-0.662,-0.723,-0.698,-0.5,-0.277,-0.015,0.381,0.521,-0.4,-0.26,-0.12,0.01,0.13,0.24,0.33,0.68,2.7,2.8,2.83,2.84,2.92,3.01,3.19,3.3
2018-12-31,-0.647,-0.738,-0.749,-0.6,-0.4,-0.154,0.231,0.368,-0.44,-0.31,-0.18,-0.06,0.06,0.16,0.25,0.57,2.63,2.48,2.46,2.51,2.59,2.69,2.87,3.02
2019-01-31,-0.646,-0.742,-0.755,-0.625,-0.445,-0.21,0.182,0.327,-0.43,-0.33,-0.22,-0.12,-0.03,0.06,0.15,0.45,2.56,2.52,2.5,2.51,2.59,2.71,2.89,3.03
2019-02-28,-0.648,-0.727,-0.744,-0.632,-0.463,-0.236,0.16,0.309,-0.42,-0.32,-0.22,-0.12,-0.03,0.07,0.15,0.47,2.54,2.52,2.5,2.52,2.63,2.73,2.94,3.09
2019-03-31,-0.633,-0.723,-0.792,-0.745,-0.586,-0.352,0.033,0.17,-0.54,-0.47,-0.39,-0.3,-0.22,-0.14,-0.07,0.24,2.4,2.27,2.21,2.23,2.31,2.41,2.63,2.81
2019-04-30,-0.592,-0.681,-0.748,-0.684,-0.507,-0.267,0.097,0.222,-0.49,-0.41,-0.32,-0.23,-0.14,-0.05,-0.03,0.35,2.39,2.27,2.24,2.28,2.39,2.51,2.75,2.93
2019-05-31,-0.622,-0.742,-0.844,-0.836,-0.683,-0.445,-0.06,0.075,-0.65,-0.59,-0.52,-0.44,-0.36,-0.28,-0.2,0.11,2.21,1.95,1.9,1.93,2.03,2.14,2.39,2.58
2019-07-31,-0.763,-0.896,-0.999,-1.006,-0.874,-0.654,-0.279,-0.146,-0.77,-0.73,-0.68,-0.62,-0.55,-0.49,-0.43,-0.16,2,1.89,1.84,1.84,1.92,2.02,2.31,2.53
2019-09-30,-0.722,-0.847,-0.913,-0.904,-0.826,-0.7,-0.458,-0.364,-0.8,-0.78,-0.74,-0.7,-0.66,-0.62,-0.57,-0.37,1.75,1.63,1.56,1.55,1.62,1.68,1.94,2.12
2019-10-31,-0.674,-0.74,-0.779,-0.746,-0.652,-0.511,-0.253,-0.156,-0.67,-0.64,-0.6,-0.56,-0.51,-0.47,-0.42,-0.21,1.53,1.52,1.52,1.51,1.6,1.69,2,2.17
2019-12-31,-0.614,-0.711,-0.74,-0.682,-0.585,-0.456,-0.24,-0.16,-0.54,-0.49,-0.44,-0.37,-0.31,-0.25,-0.19,0.04,1.59,1.58,1.62,1.69,1.83,1.92,2.25,2.39
2020-01-31,-0.592,-0.707,-0.796,-0.84,-0.797,-0.698,-0.473,-0.378,-0.67,-0.64,-0.61,-0.56,-0.52,-0.47,-0.42,-0.21,1.45,1.33,1.3,1.32,1.42,1.51,1.83,1.99
2020-02-29,-0.675,-0.785,-0.875,-0.936,-0.912,-0.832,-0.613,-0.512,-0.79,-0.77,-0.75,-0.72,-0.69,-0.65,-0.61,-0.44,0.97,0.86,0.85,0.89,1.03,1.13,1.46,1.65
2020-03-31,-0.53,-0.625,-0.658,-0.573,-0.468,-0.368,-0.245,-0.203,-0.7,-0.68,-0.64,-0.6,-0.56,-0.51,-0.47,-0.29,0.17,0.23,0.29,0.37,0.55,0.7,1.15,1.35
2020-04-30,-0.511,-0.652,-0.717,-0.669,-0.581,-0.487,-0.367,-0.326,-0.73,-0.7,-0.67,-0.63,-0.59,-0.54,-0.5,-0.32,0.16,0.2,0.24,0.36,0.53,0.64,1.05,1.28
2020-05-31,-0.546,-0.639,-0.681,-0.634,-0.555,-0.471,-0.363,-0.327,-0.65,-0.63,-0.59,-0.55,-0.5,-0.45,-0.41,-0.22,0.17,0.16,0.19,0.3,0.5,0.65,1.18,1.41
2020-06-30,-0.551,-0.652,-0.691,-0.622,-0.53,-0.439,-0.326,-0.288,-0.74,-0.72,-0.68,-0.64,-0.59,-0.54,-0.5,-0.3,0.16,0.16,0.18,0.29,0.49,0.66,1.18,1.41
2020-07-31,-0.642,-0.76,-0.79,-0.708,-0.616,-0.529,-0.423,-0.387,-0.78,-0.76,-0.73,-0.7,-0.66,-0.62,-0.57,-0.39,0.11,0.11,0.11,0.21,0.39,0.55,0.98,1.2
2020-08-31,-0.657,-0.774,-0.788,-0.661,-0.532,-0.41,-0.261,-0.211,-0.68,-0.65,-0.61,-0.56,-0.51,-0.45,-0.4,-0.18,0.12,0.14,0.15,0.28,0.5,0.72,1.26,1.49
2020-09-30,-0.705,-0.807,-0.829,-0.727,-0.611,-0.5,-0.362,-0.315,-0.76,-0.75,-0.72,-0.69,-0.65,-0.61,-0.56,-0.38,0.12,0.13,0.16,0.28,0.47,0.69,1.23,1.46
2020-10-31,-0.721,-0.802,-0.822,-0.736,-0.629,-0.518,-0.376,-0.328,-0.86,-0.85,-0.82,-0.77,-0.73,-0.68,-0.63,-0.45,0.13,0.14,0.19,0.38,0.64,0.88,1.43,1.65
2020-11-30,-0.796,-0.778,-0.752,-0.687,-0.614,-0.509,-0.309,-0.314,-0.8,-0.78,-0.78,-0.72,-0.67,-0.63,-0.59,-0.42,0.11,0.16,0.19,0.36,0.62,0.84,1.37,1.58
2020-12-31,-0.716,-0.782,-0.8,-0.722,-0.625,-0.525,-0.399,-0.356,-0.77,-0.75,-0.72,-0.68,-0.65,-0.61,-0.57,-0.4,0.1,0.13,0.17,0.36,0.65,0.93,1.45,1.65
2021-01-31,-0.777,-0.78,-0.762,-0.686,-0.591,-0.454,-0.232,-0.252,-0.78,-0.76,-0.72,-0.68,-0.64,-0.59,-0.54,-0.35,0.1,0.11,0.19,0.45,0.79,1.11,1.68,1.87
2021-02-28,-0.777,-0.761,-0.712,-0.568,-0.416,-0.229,0.014,0.024,-0.63,-0.58,-0.52,-0.45,-0.39,-0.33,-0.27,-0.06,0.08,0.14,0.3,0.75,1.15,1.44,2.08,2.17
2021-03-31,-0.782,-0.776,-0.736,-0.606,-0.459,-0.267,-0.001,-0.007,-0.69,-0.63,-0.57,-0.49,-0.41,-0.34,-0.27,-0.01,0.07,0.16,0.35,0.92,1.4,1.74,2.31,2.41
2021-04-30,-0.785,-0.773,-0.723,-0.571,-0.409,-0.21,0.031,0.013,-0.65,-0.59,-0.51,-0.43,-0.35,-0.28,-0.21,0.05,0.05,0.16,0.35,0.86,1.32,1.65,2.19,2.3
2021-05-31,-0.781,-0.761,-0.702,-0.532,-0.353,-0.134,0.138,0.122,-0.64,-0.57,-0.49,-0.4,-0.32,-0.24,-0.17,0.1,0.05,0.14,0.3,0.79,1.24,1.58,2.18,2.26
2021-06-30,-0.778,-0.758,-0.706,-0.555,-0.397,-0.2,0.054,0.053,-0.64,-0.59,-0.52,-0.44,-0.37,-0.3,-0.23,0.02,0.07,0.25,0.46,0.87,1.21,1.45,2,2.06
2021-07-31,-0.796,-0.8,-0.771,-0.665,-0.539,-0.373,-0.144,-0.164,-0.81,-0.77,-0.72,-0.66,-0.6,-0.54,-0.48,-0.24,0.07,0.19,0.35,0.69,1,1.24,1.81,1.89
2021-08-31,-0.779,-0.771,-0.738,-0.633,-0.511,-0.347,-0.117,-0.149,-0.77,-0.74,-0.69,-0.63,-0.58,-0.52,-0.46,-0.24,0.07,0.2,0.4,0.77,1.08,1.3,1.85,1.92
2021-09-30,-0.747,-0.713,-0.651,-0.494,-0.342,-0.166,0.024,0.001,-0.66,-0.59,-0.51,-0.44,-0.37,-0.3,-0.24,-0.02,0.09,0.28,0.53,0.98,1.32,1.52,2.02,2.08
2021-10-31,-0.654,-0.559,-0.465,-0.297,-0.168,-0.046,0.011,-0.067,-0.5,-0.42,-0.35,-0.29,-0.23,-0.19,-0.14,-0.01,0.15,0.48,0.75,1.18,1.44,1.55,1.98,1.93
2021-11-30,-0.764,-0.732,-0.671,-0.52,-0.381,-0.234,-0.134,-0.197,-0.74,-0.67,-0.61,-0.55,-0.5,-0.45,-0.4,-0.25,0.24,0.52,0.81,1.14,1.36,1.43,1.85,1.78
2021-12-31,-0.683,-0.623,-0.551,-0.4,-0.268,-0.127,-0.022,-0.095,-0.56,-0.5,-0.44,-0.38,-0.33,-0.28,-0.24,-0.07,0.39,0.73,0.97,1.26,1.44,1.52,1.94,1.9
2022-01-31,-0.631,-0.524,-0.416,-0.225,-0.082,0.045,0.085,0.011,-0.4,-0.32,-0.26,-0.2,-0.15,-0.11,-0.08,0.05,0.78,1.18,1.39,1.62,1.75,1.79,2.17,2.11
2022-02-28,-0.623,-0.449,-0.29,-0.047,0.116,0.263,0.357,0.283,-0.2,-0.11,-0.03,0.03,0.07,0.11,0.15,0.27,1.01,1.44,1.62,1.71,1.81,1.83,2.25,2.17
2022-03-31,-0.477,-0.204,0.008,0.313,0.511,0.677,0.769,0.701,0.31,0.4,0.45,0.5,0.53,0.55,0.57,0.63,1.63,2.28,2.45,2.42,2.4,2.32,2.59,2.44
2022-04-30,-0.362,-0.091,0.122,0.431,0.637,0.824,0.962,0.889,0.59,0.68,0.74,0.77,0.79,0.81,0.82,0.87,2.1,2.7,2.87,2.92,2.94,2.89,3.14,2.96
2022-05-31,-0.352,-0.128,0.058,0.353,0.567,0.779,0.987,0.944,0.67,0.77,0.85,0.91,0.98,1.03,1.08,1.25,2.08,2.53,2.71,2.81,2.87,2.85,3.28,3.07
2022-06-30,-0.079,0.104,0.293,0.633,0.895,1.149,1.39,1.384,0.93,1.03,1.14,1.23,1.31,1.38,1.45,1.65,2.8,2.92,2.99,3.01,3.04,2.98,3.38,3.14
2022-07-31,0.082,-0.04,-0.043,0.148,0.339,0.52,0.746,0.821,0.42,0.53,0.62,0.71,0.78,0.85,0.91,1.11,2.98,2.89,2.83,2.7,2.7,2.67,3.2,3
2022-08-31,0.462,0.557,0.592,0.66,0.724,0.786,0.866,0.893,1.26,1.3,1.34,1.39,1.43,1.48,1.52,1.66,3.5,3.45,3.46,3.3,3.25,3.15,3.53,3.27
2022-09-30,0.518,0.629,0.74,0.932,1.065,1.163,1.08,0.913,1.85,1.92,1.98,2.03,2.07,2.1,2.12,2.18,4.05,4.22,4.25,4.06,3.97,3.83,4.08,3.79
2022-10-31,0.465,0.533,0.622,0.812,0.97,1.12,1.132,0.97,1.95,2,2.05,2.09,2.13,2.17,2.19,2.27,4.66,4.51,4.45,4.27,4.18,4.1,4.44,4.22
2022-11-30,0.836,0.892,0.915,0.95,0.992,1.055,1.13,1.053,1.95,1.92,1.92,1.92,1.92,1.93,1.94,1.94,4.74,4.38,4.13,3.82,3.76,3.68,4,3.8
2022-12-31,1.134,1.245,1.32,1.424,1.497,1.565,1.577,1.476,2.5,2.47,2.47,2.48,2.5,2.51,2.53,2.58,4.73,4.41,4.22,3.99,3.96,3.88,4.14,3.97
2023-01-31,1.03,0.996,1.023,1.105,1.178,1.257,1.322,1.261,2.31,2.25,2.23,2.23,2.25,2.27,2.28,2.34,4.68,4.21,3.9,3.63,3.59,3.52,3.78,3.65
2023-02-28,1.236,1.245,1.278,1.345,1.397,1.446,1.466,1.409,2.78,2.69,2.65,2.63,2.63,2.64,2.65,2.68,5.02,4.81,4.51,4.18,4.07,3.92,4.1,3.93
2023-03-31,1.074,1.059,1.098,1.166,1.204,1.227,1.205,1.165,2.44,2.39,2.36,2.34,2.34,2.34,2.35,2.42,4.64,4.06,3.81,3.6,3.55,3.48,3.81,3.67
2023-04-30,1.13,0.975,0.952,0.98,1.024,1.08,1.148,1.118,2.37,2.32,2.31,2.31,2.32,2.34,2.35,2.41,4.8,4.04,3.75,3.51,3.49,3.44,3.8,3.67
2023-05-31,1.196,0.892,0.798,0.775,0.802,0.848,0.909,0.871,2.41,2.33,2.28,2.26,2.25,2.26,2.28,2.4,5.18,4.4,4.04,3.74,3.69,3.64,4.01,3.85
2023-06-30,1.436,1.26,1.139,1.009,0.965,0.966,0.988,0.897,2.66,2.55,2.48,2.45,2.43,2.43,2.43,2.44,5.4,4.87,4.49,4.13,3.97,3.81,4.06,3.85
2023-07-31,1.406,1.222,1.106,0.997,0.97,0.979,0.971,0.892,2.62,2.53,2.48,2.47,2.48,2.5,2.52,2.61,5.37,4.88,4.51,4.18,4.08,3.97,4.22,4.02
2023-08-31,1.334,1.082,1.002,0.961,0.956,0.952,0.906,0.847,2.54,2.47,2.44,2.44,2.46,2.48,2.51,2.62,5.36,4.87,4.57,4.29,4.27,4.18,4.48,4.29
2023-09-30,1.357,1.162,1.097,1.071,1.076,1.087,1.075,1.029,2.8,2.76,2.76,2.78,2.8,2.84,2.87,2.99,5.46,5.03,4.8,4.6,4.61,4.59,4.92,4.73
2023-10-31,1.434,1.15,1.012,0.952,0.981,1.046,1.128,1.056,2.63,2.61,2.63,2.66,2.71,2.76,2.8,2.98,5.44,5.07,4.9,4.82,4.89,4.88,5.21,5.04
2023-11-30,1.407,1.152,0.987,0.843,0.812,0.822,0.823,0.727,2.32,2.26,2.26,2.29,2.34,2.4,2.45,2.66,5.16,4.73,4.48,4.31,4.38,4.37,4.72,4.54
2023-12-31,1.255,0.992,0.843,0.714,0.675,0.656,0.59,0.494,1.91,1.87,1.88,1.92,1.96,2.01,2.06,2.25,4.79,4.23,4.01,3.84,3.88,3.88,4.2,4.03
2024-01-31,1.26,0.983,0.852,0.781,0.792,0.83,0.868,0.8,2.11,2.07,2.08,2.11,2.15,2.19,2.24,2.41,4.73,4.27,4.05,3.91,3.95,3.99,4.34,4.22
2024-02-29,1.25,1.047,0.934,0.841,0.821,0.828,0.833,0.767,2.55,2.47,2.44,2.44,2.45,2.48,2.51,2.64,5.01,4.64,4.43,4.26,4.28,4.25,4.51,4.38
2024-04-30,1.053,0.891,0.815,0.751,0.722,0.693,0.628,0.589,2.59,2.52,2.49,2.48,2.5,2.53,2.56,2.7,5.25,5.04,4.87,4.72,4.71,4.69,4.9,4.79
